["Once", " again", " we", " count", " on", " Israeli", " journalists", " to", " shine", " a", " light", " on", " American", " politics", ".", "\n", "\n", "First", ",", " here", "\ufffd", "\ufffd", "s", " a", " headline", " and", " sub", "head", " from", " Ha", "\ufffd", "\ufffd", "aretz", ":", " \ufffd", "\ufffd", "Jewish", " money", " corrupted", " the", " Jewish", " state", ":", " D", "ias", "pora", " Jewish", " philanthrop", "ists", ",", " shower", "ing", " money", " on", " Israeli", " politicians", ",", " helped", " rip", "en", " the", " field", " for", " corruption", ";", " Ol", "mer", "t", "\ufffd", "\ufffd", "s", " conviction", " is", " just", " a", " case", " in", " point", ".", "\ufffd", "\ufffd", "\n", "\n", "A", " portion", " of", " Ans", "hel", " P", "fe", "ffer", "\ufffd", "\ufffd", "s", " report", ":", "\n", "\n", "\ufffd", "\ufffd", "early", " on", " in", " his", " career", " he", " [", "Ol", "mer", "t", "]", " came", " into", " close", " contact", " with", " too", " much", " Jewish", " money", ".", " I", " apologize", " to", " our", " more", " faint", "-", "hearted", " readers", " who", " may", " find", " that", " combination", " troubling", "ly", " reminiscent", ",", " but", " the", " sad", " fact", " that", " Jewish", " money", " has", " corrupted", " a", " generation", " of", " leaders", " of", " the", " Jewish", " state", " is", " in", "escap", "able", ".", "\ufffd", "\ufffd", "\n", "\n", "U", "ri", " Av", "nery", "\ufffd", "\ufffd", "s", " latest", " column", " is", " also", " about", " D", "ias", "pora", " Jewish", " money", ",", " in", " the", " person", " of", " Sheldon", " Ad", "elson", ",", " corrupt", "ing", " both", " the", " U", ".", "S", ".", " and", " Israeli", " political", " process", ".", "\n", "\n", "Fl", "anked", " by", " Israeli", " body", "guards", ",", " Ad", "elson", " grilled", " the", " American", " hop", "ef", "uls", ".", " And", " what", " was", " he", " demanding", " from", " the", " future", " president", " of", " the", " United", " States", "?", " First", " of", " all", " and", " above", " everything", " else", ",", " blind", " and", " unconditional", " obedience", " to", " the", " government", " of", " another", " state", ":", " Israel", ".", "\n", "\n", "Wait", ",", " I", " didn", "\ufffd", "\ufffd", "t", " know", " that", " about", " the", " body", "guards", ".", " Alex", " Kane", " and", " Annie", " Robbins", " filled", " me", " in", ".", " Politico", ":", "\n", "\n", "He", " showed", " up", " 20", " minutes", " late", " to", " a", " Friday", " morning", " R", "JC", " board", " meeting", ",", " z", "ipping", " up", " to", " the", " entrance", " on", " his", " sc", "ooter", " flanked", " by", " two", " Hebrew", "-", "speaking", " body", "guards", ".", "\n", "\n", "And", " three", " black", " body", "guard", " applicants", " sued", " in", " 2011", " saying", " that", " the", " team", " is", " all", " Israeli", ":", "\n", "\n", "[", "Ad", "elson", "\ufffd", "\ufffd", "s", "]", " \ufffd", "\ufffd", "Executive", " Protection", " Team", ",", "\ufffd", "\ufffd", " which", " for", " the", " past", " 14", " years", " \ufffd", "\ufffd", "has", " been", " comprised", " exclusively", " of", " former", " Israeli", " citizens", " who", " are", " white", " males", ".", "\ufffd", "\ufffd", "\n", "\n", "Back", " to", " Av", "nery", ":", "\n", "\n", "Everything", " Ad", "elson", " does", " is", " done", " openly", ",", " proudly", ",", " shameless", "ly", ".", " I", " wonder", " how", " ordinary", " Americans", " react", " to", " this", " spectacle", " of", " one", " billionaire", " \u2013", " especially", " a", " Jewish", " one", " \u2013", " choosing", " their", " next", " president", " for", " them", ".", " We", " are", " told", " that", " anti", "-", "Semitism", " is", " on", " the", " rise", " in", " Europe", " and", " across", " the", " globe", ".", " In", " the", " crazy", " mental", " world", " of", " the", " anti", "-", "Sem", "ites", ",", " Jews", " control", " the", " cosmos", ".", " And", " here", " we", " have", " a", " Jew", ",", " straight", " out", " of", " the", " pages", " of", " the", " Protocol", "s", " of", " the", " Eld", "ers", " of", " Zion", ",", " trying", " to", " appoint", " the", " ruler", " of", " the", " might", "iest", " country", " on", " the", " planet", ".", " Ad", "elson", " has", " failed", " in", " the", " past", ".", "\n", "\n", "Eric", " Alter", "man", " also", " used", " the", " Protocol", "s", " of", " the", " Eld", "ers", " of", " Zion", " analogy", " for", " Ad", "elson", ",", " back", " in", " 2012", ".", " This", " is", " very", " funny", ",", " from", " Av", "nery", ":", "\n", "\n", "But", " I", " have", " no", " doubt", " that", " his", " right", "-", "wing", " Zionist", " passions", " come", " first", ".", " If", " he", " succeeds", " in", " installing", " his", " favorite", " in", " the", " White", " House", ",", " the", " US", " will", " become", " totally", " sub", "serv", "ient", " to", " the", " extreme", " right", "-", "wing", " in", " Israel", ".", " He", " might", " as", " well", " put", " Netanyahu", " in", " the", " Oval", " Office", ".", "\n", "\n", "Now", " reflect", " that", " NPR", " just", " did", " a", " long", " story", " about", " Ad", "elson", "\ufffd", "\ufffd", "s", " financial", " influence", ",", " without", " mentioning", " the", " word", " Israel", " once", "."]