["\n", "\n", "Recently", " there", " was", " a", " very", " vicious", ",", " very", " *", "f", "right", "ening", "*", " attack", " on", " Bri", "anna", " Wu", ".", " I", " watched", " it", " go", " down", " in", " real", " time", ".", "\n", "\n", "I", "'ve", " seen", " her", " ripped", " into", " by", " third", "-", "party", "-", "t", "roll", "s", ".", " For", " those", " who", " think", " she", " is", " not", " real", ",", " I", "'m", " not", " going", " to", " post", " do", "xx", " just", " to", " satisfy", " your", " curiosity", ".", " Rex", "ia", " is", " a", " courageous", " woman", " who", " was", " willing", " to", " put", " her", " head", " on", " the", " chopping", " block", " to", " prove", " GG", "'s", " innocence", ",", " and", " she", "'ll", " probably", " get", " targeted", " for", " it", " again", ".", " I", " am", " actually", " humiliating", " my", " own", " self", " by", " disclosing", " this", ":", " that", " is", " how", " much", " it", " ups", "ets", " me", " when", " people", " lie", " about", " others", ".", " If", " something", " is", " true", ",", " it", "'s", " true", " no", " matter", " who", " says", " it", " or", " what", " their", " POV", " is", ".", " GG", " is", " not", " the", " people", " you", " are", " stating", " they", " are", ".", " This", " is", " not", " really", " up", " for", " dispute", ".", " The", " fact", " that", " people", " on", " here", " do", " not", " even", " view", " GG", "ers", " as", " human", " beings", " is", " not", " my", " concern", ".", " You", " can", " hate", " all", " you", " want", ".", " But", " it", " doesn", "'t", " give", " you", " the", " right", " to", " libel", " an", " entire", " group", " of", " people", " simply", " because", " you", " don", "'t", " view", " us", " as", " people", ".", "Recently", " there", " was", " a", " very", " vicious", ",", " very", " *", "f", "right", "ening", "*", " attack", " on", " Bri", "anna", " Wu", ".", " I", " watched", " it", " go", " down", " in", " real", " time", ".", " https", "://", "twitter", ".", "com", "/", "Tech", "y", "F", "ol", "ks", "/", "status", "/", "598", "48", "73", "13", "690", "30", "45", "12", " I", "'ve", " seen", " her", " ripped", " into", " by", " third", "-", "party", "-", "t", "roll", "s", ".", " For", " those", " who", " think", " she", " is", " not", " real", ",", " I", "'m", " not", " going", " to", " post", " do", "xx", " just", " to", " satisfy", " your", " curiosity", ".", " Rex", "ia", " is", " a", " courageous", " woman", " who", " was", " willing", " to", " put", " her", " head", " on", " the", " chopping", " block", " to", " prove", " GG", "'s", " innocence", ",", " and", " she", "'ll", " probably", " get", " targeted", " for", " it", " again", ".", " I", " am", " actually", " humiliating", " my", " own", " self", " by", " disclosing", " this", ":", " that", " is", " how", " much", " it", " ups", "ets", " me", " when", " people", " lie", " about", " others", ".", " If", " you", " can", "'t", " support", " your", " position", " with", " some", " ref", "s", ",", " regardless", " of", " whatever", " paranoid", " delusions", " you", " feel", " justify", " that", " decision", ",", " then", " there", "'s", " no", " hope", " it", "'s", " gonna", " make", " it", " into", " the", " article", ".", " Tie", "le", "c", "01", " (", "talk", ")", " 07", ":", "22", ",", " 15", " May", " 2015", " (", "UTC", ")", " The", " section", " you", " added", " Par", "og", "ar", " has", " nothing", " to", " do", " with", " the", " article", " as", " a", " whole", ".", " It", " does", " not", " matter", " if", " you", " have", " a", " coll", "age", " of", " screen", "caps", " of", " /", "b", "aph", "omet", "/", " posts", " out", " of", " context", " to", " prove", " your", " point", ".", " There", "'s", " no", " purpose", " of", " adding", " your", " paragraphs", " to", " the", " article", ".", " There", "'s", " no", " functional", " difference", " between", " Gamergate", " and", " /", "b", "aph", "omet", "/,", " a", "yy", "team", ",", " etc", ".,", " because", " Gamergate", " has", " no", " structure", " to", " denounce", " their", " actions", ".", " And", " no", ",", " Par", "og", "ar", ",", " there", "'s", " no", " point", " in", " not", " attribut", "ing", " this", " shit", " to", " you", " when", " anyone", " can", " go", " in", " the", " history", " and", " see", " it", " for", " themselves", ".\u2014", " Ry", "\u016b", "l", "\u00f3", "ng", " (", " \ufffd", "\ufffd", "\ufffd", "\ufffd", "\ufffd", " )", " 07", ":", "29", ",", " 15", " May", " 2015", " (", "UTC", ")", " I", " can", ",", " though", ".", " Just", " read", " the", " attack", " thread", " in", " real", "-", "time", ".", " If", " I", " link", " to", " it", " and", " they", " find", " out", ",", " I", "'m", " fucked", ".", " (", "please", " leave", " unsigned", ").", " There", "'s", " a", " very", " real", " and", " very", " clear", " difference", " between", " the", " average", " GG", "er", " such", " as", " myself", " and", " between", " the", " people", " who", " keep", " going", " after", " Sar", "kees", "ian", " and", " Wu", ".", " And", " I", " don", "'t", " want", " my", " life", " to", " be", " destroyed", " any", " more", " than", " you", " or", " anyone", " else", " does", ".", " I", " have", " already", " sustained", " too", " much", " abuse", " from", " mobs", " of", " people", " on", " the", " other", " side", " to", " want", " to", " invite", " something", " like", " this", ".", " That", " Tweet", " I", " linked", " contains", " a", " screenshot", " that", " shows", " them", " sn", "ick", "ering", " at", " how", " GG", "ers", " get", " the", " blame", ".", " What", " you", " need", " to", " understand", " is", " that", " they", " are", " **", "NOT", "**", " doing", " this", " because", " they", " hate", " women", ".", " They", " may", " or", " may", " not", " hate", " women", ".", " I", " don", "'t", " know", ".", " They", "'re", " doing", " this", " because", " it", "'s", " funny", " to", " them", ".", " That", "'s", " literally", " the", " *", "only", "*", " reason", ".", " What", " you", " need", " to", " understand", " is", " that", " they", " get", " 2", " times", " the", " laughter", " out", " of", " it", " by", " blaming", " GG", ".", " The", " first", " set", " of", " laughter", " is", " from", " do", "xx", "ing", " Miss", " Wu", " and", " then", " having", " her", " life", " thrown", " into", " chaos", ",", " and", " then", " the", " second", " set", " of", " \"", "l", "ulz", "\"", " comes", " from", " trick", "ing", " Bri", "anna", " Wu", " into", " thinking", " we", " did", " it", ".", " Okay", ",", " for", " example", ".", " They", " sn", "icker", " and", " talk", " about", " how", " they", "'re", " going", " to", " call", " Bri", "anna", " Wu", " (", "AND", " THEY", " DID", " CALL", " HER", " THERE", " IS", " A", " REC", "ORD", "ING", "!!", ")", " and", " saying", ",", " \"", "Gamer", "Gate", " do", "xx", "ed", " you", " and", " it", "'s", " been", " posted", " on", " Reddit", "\"", " (", "It", " has", " NEVER", " been", " posted", " on", " Reddit", ").", " Then", " Bri", "anna", " Wu", " tweets", " out", ":", " \"", "Gamer", "G", "aters", " are", " calling", " me", " and", " bragging", " about", " how", " they", " posted", " about", " me", " on", " Reddit", "\").", " This", " creates", " confusion", ".", " Conf", "usion", " =", " fun", ".", " This", " is", " how", " these", " things", " usually", " happen", ".", " Look", ",", " I", " can", "'t", " say", " for", " sure", " that", " no", " one", " in", " GG", " has", " *", "ever", "*", " done", " bad", " things", ",", " but", " I", " can", " tell", " you", " right", " now", " that", " we", " sure", " aren", "'t", " responsible", " for", " any", " of", " the", " things", " I", "'ve", " seen", " us", " blamed", " for", ".", " You", " won", "'t", " believe", " that", " because", " it", " doesn", "'t", " fit", " your", " narrative", ".", " You", " won", "'t", " even", " consider", " the", " fact", " that", " I", " *", "M", "IGHT", "*", " actually", " be", " telling", " the", " truth", ",", " because", " to", " do", " so", ",", " like", " I", " said", ",", " would", " not", " fit", " your", " narrative", ".", " But", " the", " even", " sad", "der", " truth", " is", " that", " none", " of", " this", " shit", " is", " even", " hidden", ".", " Actually", ",", " just", " about", " everyone", " in", " GG", " \"", "g", "ives", " a", " fuck", "\"", " about", " ethics", " in", " game", " journalism", ".", " We", " also", " give", " a", " fuck", " about", " SJ", "Ws", " and", " feminism", ".", " And", " some", " people", " claim", " we", " don", "'t", ",", " but", " that", "'s", " bullshit", ".", " We", " do", ".", " We", " absolutely", " do", " give", " a", " fuck", " about", " SJ", "Ws", " and", " feminism", ",", " especially", " since", " many", " times", " the", " most", " unethical", " journalists", " turn", " out", " to", " be", " SJ", "Ws", ".", " But", " that", "'s", " not", " the", " point", ".", " The", " point", " is", " that", " you", " are", " blatantly", " mus", "-", "character", "izing", " us", " to", " fit", " your", " narrative", ".", " Ethics", " in", " journalism", " plays", " a", " tremendous", " role", ".", " Par", "og", "ar", " (", "talk", ")", " 07", ":", "44", ",", " 15", " May", " 2015", " (", "UTC", ")", " What", " ethics", " in", " what", " journalism", "?", " The", " goal", " of", " journalism", " in", " a", " capitalist", " society", " is", " to", " sell", " as", " much", " journalism", " as", " possible", " in", " whatever", " way", " possible", " so", " that", " it", " makes", " the", " most", " profit", " for", " the", " originating", " media", " company", ".", " So", " long", " as", " it", "'s", " legal", ",", " it", "'s", " legit", ".", " And", " a", " lot", " of", " this", " damn", " \"", "eth", "ics", "\"", " m", "umbling", " I", " see", " is", " just", " \"", "D", "udeb", "ro", " was", " friends", " with", " d", "udeb", "ro", " two", " in", " grade", " school", " and", " this", " was", " not", " disclosed", " so", " ETH", "ICAL", " CON", "FL", "ICT", ".\",", " which", " is", " just", " so", " much", " bullshit", " in", " and", " of", " itself", " even", " in", " basic", " Journalism", " Ethics", " 101", " classes", " (", "not", " that", " those", " are", " worth", " much", " anyway", ").", " That", "'s", " not", " the", " point", ",", " Par", "og", "ar", " (", "also", " anyone", " can", " look", " at", " the", " page", " history", " and", " see", " it", " was", " you", ").", " Your", " contribution", " to", " the", " page", " had", " no", " purpose", ".", " It", " doesn", "'t", " matter", " how", " many", " times", " one", " person", " can", " go", " \"", "its", " not", " Gamergate", " it", "'s", " /", "b", "aph", "omet", "/", "\".", " Gamergate", " is", " a", " hate", " mob", " formed", " when", " 4", "chan", " became", " E", "ron", " G", "j", "oni", "'s", " personal", " army", " and", " it", "'s", " evolved", " into", " the", " tangled", " bullshit", " it", " is", " today", ".", " No", " one", " in", " Gamergate", " gives", " two", " f", "ucks", " about", " \"", "eth", "ics", " in", " video", " game", " journalism", "\".", " Gamergate", " is", " simply", " \"", "how", " to", " get", " feminists", " and", " liberals", " out", " of", " making", " or", " writing", " about", " video", " games", "\".", " There", "'s", " no", " need", " to", " point", " out", " that", " some", " random", " thread", " on", " /", "b", "aph", "omet", "/", " has", " people", " laughing", " that", " they", "'re", " doing", " shit", " to", " make", " Gamergate", " look", " worse", " than", " it", " already", " is", ".\u2014", " Ry", "\u016b", "l", "\u00f3", "ng", " (", " \ufffd", "\ufffd", "\ufffd", "\ufffd", "\ufffd", " )", " 07", ":", "40", ",", " 15", " May", " 2015", " (", "UTC", ")", " Fine", ".", " I", " just", " don", "'t", " want", " to", " start", " trouble", " with", " them", ".", " I", "'m", " telling", " you", " straight", " out", " that", " your", " article", " is", " bullshit", ".", " You", " accuse", " people", " of", " shit", " with", " no", " evidence", " whatsoever", ".", " Your", " logic", " is", " that", " we", "'re", " the", " same", " because", " we", " don", "'t", " stop", " them", ".", " Why", " don", "'t", " YOU", " fucking", " stop", " them", "?", " It", "'s", " not", " GG", "'s", " responsibility", " to", " save", " Bri", "anna", " Wu", " from", " people", " we", "'ve", " got", " fuck", "-", "all", " to", " do", " with", ".", " If", " you", "'re", " so", " concerned", " about", " them", ",", " then", " you", " deal", " with", " them", ".", " Why", " should", " we", " make", " enemies", " with", " a", " group", " who", " does", " not", " represent", " us", "?", " Par", "og", "ar", " (", "talk", ")", " 07", ":", "42", ",", " 15", " May", " 2015", " (", "UTC", ")", " The", " article", " accurately", " depicts", " Gamergate", " for", " what", " it", " is", ".", " There", "'s", " plenty", " of", " evidence", " against", " Gamergate", " for", " everything", " they", "'ve", " done", " and", " it", "'s", " sourced", " to", " various", " pieces", " of", " actual", " news", " media", " stating", " it", ".", " Just", " because", " you", ",", " the", " Gamer", "g", "ater", ",", " want", " to", " deny", " the", " events", " of", " the", " past", " 9", " months", " as", " doing", " anything", " but", " making", " Gamergate", " look", " the", " fool", ",", " is", " not", " my", " problem", ".\u2014", " Ry", "\u016b", "l", "\u00f3", "ng", " (", " \ufffd", "\ufffd", "\ufffd", "\ufffd", "\ufffd", " )", " 07", ":", "44", ",", " 15", " May", " 2015", " (", "UTC", ")", " You", " can", "'t", " prove", " that", " GamerGate", " is", " responsible", ",", " but", " I", " can", " prove", " we", "'re", " not", ".", " But", " you", " don", "'t", " accept", " any", " evidence", " that", " doesn", "'t", " go", " along", " with", " your", " narrative", ".", " Par", "og", "ar", " (", "talk", ")", " 08", ":", "37", ",", " 15", " May", " 2015", " (", "UTC", ")", " Anyone", " who", " says", " they", "'re", " GamerGate", ",", " is", " GamerGate", ".", " GG", " is", " leader", "less", ",", " so", " you", " refuse", " to", " disav", "ow", " them", ".", " B", "aph", "omet", " has", " claimed", " to", " be", " GG", ",", " and", " so", " they", " are", ".", " If", " you", " don", "'t", " like", " that", ",", " organize", ",", " and", " start", " throwing", " out", " your", " problem", " people", ".", " --", "Cast", "aign", "e", " (", "talk", ")", " 16", ":", "06", ",", " 15", " May", " 2015", " (", "UTC", ")", " Quote", " -", " \"", "That", " Tweet", " I", " linked", " contains", " a", " screenshot", " that", " shows", " them", " sn", "ick", "ering", " at", " how", " GG", "ers", " get", " the", " blame", ".\"", " And", " it", " can", "'t", " be", " used", " as", " a", " source", ".", " It", "'s", " anonymous", " people", ",", " can", "'t", " be", " linked", " to", " anyone", " real", ",", " no", " one", " identifiable", ".", " You", " can", " identify", " what", " Wu", " says", " on", " Twitter", ".", " You", " can", " identify", " what", " Rand", "i", " says", " on", " Twitter", ".", " So", ",", " you", " can", "'t", " even", " tell", " if", " this", " is", " real", " or", " bullshit", ".", " It", "'s", " anonymous", ",", " so", " they", " could", " be", " GG", " or", " they", " could", " not", " be", " GG", " -", " but", " it", "'s", " B", "aph", "omet", ",", " and", " B", "aph", "omet", " has", " identified", " itself", " as", " GG", " in", " the", " past", ",", " so", " it", " is", " reasonable", " to", " assume", " they", " are", " GG", " now", ".", " --", "Cast", "aign", "e", " (", "talk", ")", " 16", ":", "06", ",", " 15", " May", " 2015", " (", "UTC", ")", " And", " for", " the", " last", " time", ",", " it", "'s", " not", " fucking", " libel", ".", " Learn", " what", " libel", " actually", " IS", ".", " Christ", ".", " --", "Cast", "aign", "e", " (", "talk", ")", " 16", ":", "06", ",", " 15", " May", " 2015", " (", "UTC", ")"]