["We", " ch", "atted", " with", " Smith", " about", " the", " pressure", " of", " playing", " the", " Dark", " Knight", ",", " the", " history", " of", " the", " character", ",", " and", ",", " oh", ",", " Batman", " under", "pants", ".", "\n", "\n", "Ben", " Aff", "leck", " has", " gotten", " all", " the", " press", ",", " but", " there", "'s", " another", " new", " Batman", ":", " Roger", " Craig", " Smith", ",", " the", " veteran", " voice", " actor", " who", " will", " play", " the", " Cap", "ed", " Crusader", " in", " the", " forthcoming", " video", " game", " Batman", ":", " Arkham", " Origins", ".", " Smith", " has", " major", " game", " voice", " acting", " chops", ":", " He", "'s", " played", " Sonic", " the", " Hedge", "hog", ",", " Chris", " Red", "field", " from", " the", " Resident", " Evil", " games", ",", " and", " the", " beloved", " Ez", "io", " Audit", "ore", ",", " liber", "t", "ine", " hero", " of", " Assassin", "'s", " Creed", " 2", ".", " (", "He", "'s", " also", ",", " in", " a", " different", " vein", ",", " the", " narrator", " of", " Say", " Yes", " to", " the", " Dress", ".)", "\n", "\n", "Who", " is", " the", " best", " Batman", " ever", " and", " why", "?", "\n", "\n", "Roger", " Craig", " Smith", ":", " Oh", " boy", ".", " Not", " that", " my", " opinion", " matters", ",", " but", " I", " really", " enjoyed", " Christian", " Bale", "'s", " performance", ".", " I", " always", " thought", " it", " was", " really", " cool", ".", " You", " know", ",", " even", " the", " voice", ",", " it", " made", " sense", " to", " me", ".", " I", " think", " it", "'s", " funny", " that", " people", " thought", " it", " was", " a", " bad", " choice", " in", " terms", " of", " the", " grow", "l", " and", " the", " his", "s", ".", " Coming", " from", " the", " perspective", " of", " someone", " like", " Bruce", " Wayne", ",", " who", " is", " trying", " to", " mask", " his", " identity", " using", " this", " c", "owl", ";", " if", " he", " really", " wanted", " to", " affect", " his", " voice", " in", " a", " way", " that", " might", " throw", " people", " off", " \u2013", " it", " makes", " good", " sense", " to", " me", ".", " I", " don", "'t", " see", " what", " the", " hub", "bub", " was", " all", " about", ".", "\n", "\n", "Oh", ",", " and", " obviously", " the", " Adam", " West", " version", ".", "\n", "\n", "And", " you", " think", " Bale", " was", " the", " best", " Bruce", " Wayne", ",", " too", "?", "\n", "\n", "RC", "S", ":", " I", " like", " that", " sort", " of", " like", " un", "hing", "ed", " arrogant", " play", "boy", " kind", " of", " thing", " that", " he", " was", " able", " to", " do", ".", " He", " can", " pull", " off", " that", " cock", "y", " element", " exceptionally", " well", ".", " Even", " when", " he", " played", " around", " with", " it", " when", " he", " wanted", " to", " conveniently", " make", " Bruce", " Wayne", " a", " disl", "ik", "able", " character", ",", " those", " little", " subt", "let", "ies", " made", " sense", " to", " me", " in", " terms", " of", " what", " that", " character", " involved", ".", "\n", "\n", "You", " know", " the", " \"", "Batman", "\"", " voice", "?", " How", " do", " you", " make", " the", " Batman", " voice", "?", " Like", ",", " what", " do", " you", " actually", " do", " with", " your", " throat", " and", " mouth", "?", "\n", "\n", "RC", "S", ":", " It", "'s", " a", " weird", " thing", ".", " It", " comes", " from", " a", " place", " of", " attitude", " and", " character", ".", " It", "'s", " where", " I", " lean", " very", " heavily", " on", " a", " director", " and", " the", " writers", " and", " everyone", " that", " is", " involved", " in", " this", " process", ".", " It", "'s", " inherently", " collaborative", ".", " I", " work", " in", " my", " lower", " register", " a", " lot", " and", " we", " try", " to", " get", " a", " more", " controlled", " way", " of", " delivering", " things", " so", " it", " feels", " like", " someone", " who", " is", " in", " control", " and", " confident", " and", " capable", ".", " Beyond", " that", " I", " don", "'t", " think", " there", "'s", " one", " thing", " I", " do", " to", " sort", " of", " modify", " my", " mouth", ".", " Or", " I", " might", " not", " be", " aware", " of", " it", ".", " You", "'re", " trying", " to", " emulate", " a", " bunch", " of", " physical", "ity", " but", " the", " only", " thing", " you", " can", " work", " with", " is", " your", " voice", ".", " That", "'s", " why", " we", "'re", " always", " pointing", " and", " moving", " our", " arms", ".", " I", " wonder", " if", " I", " maybe", " stick", " my", " chest", " out", " a", " little", " bit", " more", ",", " maybe", " look", " down", " a", " little", " bit", " more", ".", "\n", "\n", "Be", " honest", ",", " is", " playing", " Batman", " really", " fun", "?", "\n", "\n", "RC", "S", ":", " It", "'s", " fun", ",", " and", " I", "'m", " hoping", " its", " going", " to", " be", " a", " blast", " on", " October", " 25", ",", " but", " it", "'s", " also", " work", " and", " it", "'s", " pressure", ".", " We", " have", " a", " really", " good", " time", " when", " we", " work", " but", " at", " the", " end", " of", " the", " day", " you", "'re", " keeping", " it", " fun", " to", " create", " an", " energy", " that", " you", " want", " so", " that", " it", "'s", " not", " grinding", ".", " But", " it", "'s", " a", " tremendous", " amount", " of", " pressure", " to", " know", " you", "'re", " going", " to", " try", " to", " deliver", " a", " performance", " of", " a", " character", " that", " is", " so", " beloved", " by", " so", " many", " people", ".", " I", " try", " not", " to", " think", " about", " that", ".", " Everybody", " from", " the", " background", " artist", " to", " the", " writers", " to", " the", " motion", " capture", " guys", " gets", " to", " have", " their", " say", " on", " what", " this", " character", " will", " look", " feel", " and", " sound", " like", ".", " Of", " course", ",", " when", " I", " sit", " down", " and", " play", " the", " game", " I", "'m", " going", " to", " be", " as", " g", "iddy", " as", " anyone", " else", ".", " I", "'ll", " be", " super", ",", " hyper", " critical", " as", " well", ".", "\n", "\n", "Still", ",", " I", " get", " to", " add", " my", " name", " to", " a", " list", " of", " actors", " and", " I", " can", "'t", " believe", " my", " name", " is", " up", " there", " with", " theirs", ".", " What", " a", " huge", " honor", " and", " at", " the", " end", " of", " the", " day", ",", " what", " a", " blast", "."]