["Alexander", " Rich", "ter", ":", " \"", "My", " first", " photo", " from", " the", " trip", ".", " This", " is", " a", " little", " record", " shop", " on", " Gordon", " Town", " Road", " owned", " by", " a", " musician", " named", " Ras", " Mal", "ek", "ot", ".", " MD", "Z", "R", " stands", " for", " Mount", " De", "bre", " Zeit", " Records", ".\"", "\n", "\n", "Alexander", " Rich", "ter", ":", " \"", "Moon", "ie", " is", " one", " of", " Jamaica", "'s", " most", " sought", "-", "after", " designers", ".", " We", " connected", " with", " him", " at", " his", " studio", " near", " Half", " Way", " Tree", ".", " I", " knew", " as", " soon", " as", " I", " saw", " his", " Jimmy", " Hend", "rix", "\u2013", "inspired", " velvet", " jacket", " that", " I", " wanted", " to", " shoot", " him", " wearing", " it", ".", " He", " made", " the", " head", " wrap", " on", " the", " spot", ".\"", "\n", "\n", "Alexander", " Rich", "ter", ":", " \"", "R", "ocker", "\ufffd", "\ufffd", "s", " International", " occupies", " a", " small", " storefront", " on", " Orange", " Street", " in", " downtown", " Kingston", ".", " I", " was", " in", " love", " with", " the", " old", " reg", "gae", " 45", "s", " hanging", " from", " the", " ceiling", ".", " As", " a", " longtime", " fan", " of", " reg", "gae", " music", ",", " this", " place", " was", " heaven", " for", " me", ".", " I", "'m", " honored", " to", " have", " documented", " it", " in", " my", " own", " little", " way", ".\"", "\n", "\n", "Alexander", " Rich", "ter", ":", " \"", "The", " shoot", " with", " Tatt", "oo", " Phillip", " came", " together", " at", " the", " last", " minute", ".", " When", " we", " arrived", " he", " was", " finishing", " up", " an", " eight", "-", "hour", " session", " with", " a", " young", " woman", ".", " While", " we", " waited", " to", " sit", " down", " with", " him", " I", " shot", " some", " photos", " of", " his", " living", " room", ",", " where", " this", " beautiful", " drawing", " caught", " my", " eye", ".\"", "\n", "\n", "T", "att", "oo", " Phillip", " at", " the", " end", " of", " a", " long", " day", ".", "\n", "\n", "Alexander", " Rich", "ter", ":", " \"", "Outside", " the", " Pal", "ais", " Royale", " Ex", "otic", " Night", "club", " on", " Rip", "on", " Road", " at", " 2", " a", ".", "m", ".", " Her", " name", " is", " Mars", "ha", ",", " and", " when", " we", " started", " to", " shoot", " I", " noticed", " a", " bit", " of", " a", " tattoo", " pe", "aking", " out", " from", " under", " her", " shirt", ".", " I", " asked", " her", " if", " I", " could", " see", " the", " whole", " piece", ".\"", "\n", "\n", "Alexander", " Rich", "ter", ":", " \"", "J", "elly", " don", "uts", " on", " the", " way", " upt", "own", ".", " His", " hands", " and", " the", " money", " immediately", " jumped", " out", " to", " me", ".\"", "\n", "\n", "An", " abandoned", " construction", " site", " overlooking", " the", " Hope", " River", " Valley", ".", "\n", "\n", "A", " sidewalk", " vendor", " in", " North", "side", " Plaza", " shows", " off", " a", " photo", " of", " Jamaica", "'s", " prime", " minister", ",", " Port", "ia", " Simpson", " Miller", ".", "\n", "\n", "Pan", " chicken", " on", " the", " side", " of", " the", " road", ".", "\n", "\n", "Alexander", " Rich", "ter", ":", " \"", "On", " a", " rainy", " night", " in", " Mud", "town", " \u2014", " a", " hill", "side", " community", " on", " the", " outskirts", " of", " Kingston", " \u2014", " dance", "hall", " de", "e", "jay", " Ice", " Cold", " holds", " a", " bottle", " of", " Magnum", " T", "onic", " Wine", " while", " he", " rel", "ights", " his", " spl", "iff", ".\"", "\n", "\n", "Alexander", " Rich", "ter", ":", " \"", "I", " made", " an", " effort", " during", " this", " trip", " to", " shoot", " everything", " with", " available", " light", ".", " In", " this", " case", " we", " were", " in", " a", " pitch", "-", "black", " room", " when", " the", " gun", " was", " pulled", " out", ".", " I", " used", " lights", " from", " two", " BlackBerry", " phones", " to", " illuminate", " the", " scene", ".\"", "\n", "\n", "Alexander", " Rich", "ter", ":", " \"", "Anthony", " Os", "bourne", " is", " one", " of", " the", " older", " box", "ers", " at", " the", " Stanley", " Couch", " Gym", " on", " Victoria", " Avenue", " in", " downtown", " Kingston", ".", " I", " love", " the", " way", " the", " lines", " and", " late", " afternoon", " light", " all", " come", " together", ".\""]