["CL", "ICK", " HERE", " to", " be", " taken", " to", " our", " itch", ".", "io", " page", " with", " the", " downloads", " for", " Win", ",", " Mac", ",", " and", " Linux", " versions", " of", " the", " Prol", "ogue", ".", "\n", "\n", "This", " is", " an", " update", " of", " the", " demo", " released", " in", " February", ".", " There", " are", " a", " few", " key", " differences", ":", "\n", "\n", "Added", " two", ",", " short", " gameplay", " segments", "\n", "\n", "R", "ework", "ed", " illustrations", "\n", "\n", "Additional", " sprites", "\n", "\n", "New", " GUI", "\n", "\n", "Ext", "ras", " menu", ",", " including", " a", " music", " and", " CG", " gallery", "\n", "\n", "Re", "-", "sc", "ored", " musical", " tracks", "\n", "\n", "Further", " editing", " and", " some", " re", "-", "written", " scenes", "\n", "\n", "Th", "r", "ash", " Metal", "\n", "\n", "The", " length", " of", " the", " prol", "ogue", " is", " about", " 1", "/", "12", "th", " of", " a", " regular", " Walk", "erman", " episode", ".", " It", " is", " now", " comparable", " to", " the", " commercial", " episodes", ",", " however", " there", " will", " be", " some", " differences", ".", " Specifically", " the", " character", " sprites", " during", " battle", " sequences", " will", " be", " red", "one", ".", "\n", "\n", "If", " you", " want", " to", " back", " Walk", "erman", " but", " do", " not", " have", " a", " Kickstarter", " account", ",", " there", " is", " a", " Pay", "pal", " option", " on", " our", " main", " website", ":", " here", "\n", "\n", "Follow", " us", " on", " Twitter", " or", " at", " our", " Tumblr", " Dev", "blog", "\n", "\n", "Are", " you", " a", " journalist", "/", "gaming", " personality", " interested", " in", " covering", " Walk", "erman", "?", " Drop", " us", " a", " line", " at", " feedback", "@", "sc", "al", "email", ".", "com", "\n", "\n", "Walk", "erman", " is", " an", " Adventure", " Game", "/", "Visual", " Novel", " about", " hunting", " supernatural", " creatures", ".", "The", " game", " is", " planned", " for", " five", " epis", "odic", " releases", " on", " Windows", ",", " Mac", ",", " and", " Linux", ".", " It", " will", " be", " available", " (", "t", "ent", "atively", ")", " through", " Steam", ",", " It", "ch", ".", "io", ",", " and", " H", "umble", " Bundle", ".", " DRM", "-", "free", " versions", " will", " be", " available", ".", " Walk", "erman", " may", " feature", " themes", " and", " imagery", " unsu", "itable", " for", " small", " children", ",", " including", " those", " of", " a", " violent", ",", " disturbing", ",", " or", " sexual", " nature", ".", "\n", "\n", "Click", "-", "through", " for", " higher", " resolution", " images", "\n", "\n", "Features", ":", "\n", "\n", "B", "ran", "ching", " story", " with", " multiple", " endings", "\n", "\n", "Five", " epis", "odic", " releases", "\n", "\n", "Five", " instances", " of", " abstract", ",", " description", "-", "based", " puzzle", " solving", " with", " multiple", " solutions", " (", "each", " about", " as", " long", " as", " the", " prol", "ogue", " chapter", " itself", ",", " unlike", " the", " mini", "-", "enc", "ounters", " within", " the", " prol", "ogue", ").", "\n", "\n", "Five", " additional", " instances", " of", " mini", "-", "p", "uzz", "les", "\n", "\n", "An", " extensive", " soundtrack", " featuring", " new", " tracks", " every", " episode", "\n", "\n", "F", "ully", " colored", " CG", "'s", " and", " character", " sprites", " with", " multiple", " poses", "\n", "\n", "An", " extras", " menu", " featuring", " a", " CG", " gallery", " and", " music", " room", "\n", "\n", "J", "org", "en", ",", " a", " nineteen", "-", "year", "-", "old", " boy", " from", " the", " countryside", ",", " has", " just", " embarked", " upon", " a", " certain", " career", " in", " the", " city", "-", "state", " of", " Mid", "gard", ".", " As", " a", " walk", "erman", " (", "sometimes", " called", " a", " '", "p", "ou", "cher", "'),", " he", " will", " tour", " the", " streets", " and", " alley", "ways", " at", " night", ",", " combating", " the", " supernatural", " beings", " that", " emerge", " when", " the", " sun", " goes", " down", ".", " In", " order", " to", " survive", " Mid", "gard", "'s", " dire", " nights", ",", " J", "org", "en", " will", " need", " to", " think", " on", " his", " feet", ".", " His", " battles", " with", " the", " supernatural", " rev", "olve", " around", " abstract", " problem", " solving", " and", " attention", "-", "to", "-", "detail", ",", " not", " fancy", " sword", "play", ".", " But", " between", " Mid", "gard", "'s", " perilous", " politics", " and", " shady", " personalities", ",", " he", "'ll", " soon", " discover", " that", " the", " night", " isn", "'t", " the", " only", " thing", " to", " be", " wary", " of", ".", "\n", "\n", "Click", "-", "through", " for", " higher", " resolution", " images", "\n", "\n", "Each", " act", " of", " Walk", "erman", " revolves", " around", " a", " single", " foe", ",", " and", " the", " process", " of", " investigating", " it", ".", " Unlike", " most", " heroes", ",", " walk", "er", "men", " do", " not", " stand", " a", " chance", " against", " their", " enemies", " in", " toe", "-", "to", "-", "toe", " combat", ".", " In", " order", " to", " defeat", " these", " creatures", ",", " walk", "er", "men", " must", " exploit", " their", " one", " weakness", ":", " their", " '", "rules", "'.", "\n", "\n", "Every", " enemy", " obe", "ys", " a", " unique", " set", " of", " rules", ",", " for", " example", ":", " not", " being", " able", " to", " step", " over", " salt", ",", " or", " having", " to", " stay", " ten", " p", "aces", " away", " from", " wax", ".", " The", " chief", " objective", " of", " a", " walk", "erman", " is", " to", " trap", " these", " creatures", " by", " manipulating", " their", " rules", ",", " thereby", " winning", " an", " easy", " opportunity", " to", " score", " a", " death", "blow", ".", " Early", " in", " the", " game", ",", " the", " creatures", " J", "org", "en", " encounters", " will", " be", " quite", " simple", ",", " with", " easily", " distinguish", "able", " rules", ".", " As", " the", " game", " progresses", " however", ",", " the", " enemies", " get", " more", " complex", ".", " J", "org", "en", " can", " spend", " up", " to", " two", " in", "-", "game", " weeks", " investigating", " a", " single", " enemy", ".", " Most", " rules", " rev", "olve", " around", " the", " usage", " of", " items", ",", " which", " J", "org", "en", " collects", " over", " the", " course", " of", " his", " investigations", ".", "\n", "\n", "Click", "-", "through", " for", " higher", " resolution", " images", "\n", "\n", "Items", " that", " were", " destroyed", ",", " or", " only", " usable", " once", ",", " will", " be", " removed", " from", " the", " inventory", " after", " battle", ".", " However", ",", " as", " the", " player", " progresses", " through", " Walk", "erman", " they", " will", " keep", " many", " of", " the", " items", " they", " acquired", " for", " previous", " opponents", ".", " Some", " items", " may", " come", " in", " handy", " during", " later", " confront", "ations", ".", " Connect", "ing", " the", " dots", " between", " a", " clue", " and", " an", " item", " that", " was", " acquired", " earlier", " will", " make", " successive", " encounters", " less", " harrowing", ".", "\n", "\n", "Mus", "ical", " tracks", " for", " Walk", "erman", " are", " pre", "formed", " by", " the", " talented", " Walker", " Peterson", ".", "\n", "\n", "And", " here", " is", " the", " theme", " song", " from", " the", " Prol", "ogue", "'s", " ending", ":", "\n", "\n", "Walk", "erman", " has", " been", " in", " production", " for", " three", " years", ".", " Over", " those", " years", ",", " the", " Visual", " Novel", " and", " gameplay", " segments", " have", " been", " written", ",", " revised", ",", " revised", ",", " and", " revised", " again", ".", " The", " script", " is", " completely", " written", " (", "outside", " of", " some", " combat", " tree", " branches", ").", " Before", " launching", " this", " Kickstarter", ",", " I", " completed", " as", " much", " of", " Walk", "erman", " as", " possible", " on", " my", " own", ".", " It", " now", " requires", " art", " assets", " such", " as", " character", " sprites", ",", " backgrounds", ",", " and", " illustrations", " to", " turn", " it", " into", " a", " finished", " product", ".", " Many", " of", " the", " required", " art", " assets", " have", " already", " been", " commissioned", " over", " the", " past", " three", " years", ",", " out", "-", "of", "-", "pocket", ".", " I", " am", " now", " turning", " to", " crowdfunding", " to", " exped", "ite", " the", " process", " of", " completing", " the", " game", ".", "\n", "\n", "Click", "-", "through", " to", " hig", "er", " resolution", " images", "\n", "\n", "Originally", ",", " I", " had", " planned", " to", " crow", "fund", " the", " game", " then", " spend", " another", " year", " in", " production", " for", " the", " full", " release", ".", " After", " some", " deliber", "ation", ",", " I", " have", " decided", " that", " Walk", "erman", " will", " work", " better", " in", " epis", "odic", " releases", ".", " This", " will", " lessen", " the", " pressure", " of", " the", " initial", " crowdfunding", " phase", ",", " and", " players", " will", " get", " to", " see", " the", " content", " that", " they", " paid", " for", " sooner", ".", " Walk", "erman", " will", " lend", " itself", " well", " to", " epis", "odic", " content", ",", " given", " that", " each", " act", " revolves", " around", " the", " process", " of", " hunting", " a", " monster", ",", " and", " climax", "es", " with", " a", " battle", " sequence", ".", "\n", "\n", "The", " estimated", " release", " date", " for", " Act", " 1", " is", " November", " 2015", ".", " After", " Act", " 1", ",", " we", " will", " immediately", " begin", " developing", " Act", " 2", ",", " and", " so", " on", ".", " The", " development", " time", " for", " Act", " 1", " will", " include", " producing", " most", " of", " the", " backgrounds", " and", " character", " sprites", " that", " will", " be", " used", " throughout", " the", " rest", " of", " the", " game", ".", " This", " means", " we", " will", " be", " able", " to", " churn", " out", " the", " successive", " acts", " faster", ",", " as", " artists", " can", " focus", " on", " their", " illustrations", ".", "\n", "\n", "Box", "ed", " copies", " of", " the", " game", " will", " be", " packed", " and", " shipped", " after", " the", " last", " act", " launches", ".", " Before", " that", " time", ",", " Grand", " Edition", " backers", " will", " be", " surveyed", " for", " which", " physical", " reward", " they", " would", " like", " to", " receive", ",", " I", ".", "E", ":", " posters", ",", " d", "ak", "im", "ak", "uras", ",", " prints", ",", " etc", ".", "\n", "\n", "All", " of", " this", " Kickstarter", "'s", " funds", " are", " going", " into", " the", " acquisition", " of", " actual", ",", " in", "-", "game", " assets", ".", " I", " do", " not", " require", " any", " part", " of", " these", " funds", " for", " living", " wages", ",", " as", " I", " am", " capable", " of", " supporting", " myself", " without", " Walk", "erman", " sales", ".", " Many", " of", " the", " assets", " have", " already", " been", " commissioned", " over", " the", " years", ",", " specifically", " the", " backgrounds", ",", " easing", " the", " crowdfunding", " pressure", " substantially", ".", "\n", "\n", "C", "rowd", "funding", " Break", "down", "\n", "\n", "At", " 15", ",", "000", ",", " Walk", "erman", " will", " be", " significantly", " expanded", " with", " additional", " sprites", ",", " backgrounds", ",", " and", " illustrations", ".", " This", " stretch", " goal", " includes", " background", " edits", " for", " weather", " and", " bystanders", ",", " weapon", " poses", " for", " some", " characters", ",", " and", " many", ",", " many", " additional", " CG", "s", " for", " scenes", " that", " would", " otherwise", " be", " acted", " out", " with", " sprites", ".", " At", " this", " stage", " of", " funding", ",", " Walk", "erman", " will", " accurately", " reflect", " its", " initial", " vision", ".", "\n", "\n", "Stretch", " goals", " of", " 20", ",", "000", "+", " to", " be", " revealed", "...", "\n", "\n", "Additional", " Support", ":", "\n", "\n", "Remember", " to", " support", " us", " on", " Green", "light", "!", "\n", "\n", "PL", "ED", "GE", " ADD", "-", "ONS", " BRE", "AK", "DOWN", "\n", "\n", "For", " backers", " that", " were", " looking", " to", " add", " one", " of", " the", " additional", " rewards", " to", " their", " pledge", ",", " here", " is", " the", " add", "-", "on", " breakdown", ".", " This", " is", " mostly", " for", " early", " bird", " backers", " that", " want", " extra", " rewards", ",", " but", " do", " not", " want", " to", " give", " up", " their", " discount", ".", "\n", "\n", "M", "ock", "-", "U", "ps", " of", " Physical", " Rewards", "\n", "\n", "Digital", " Sound", "track", " -", " $", "8", "\n", "\n", "Physical", " Sound", "track", " -", " $", "13", "\n", "\n", "36", "\"", " Post", "ers", " -", " $", "10", "\n", "\n", "Post", "ers", " 4", "-", "Pack", " -", " $", "30", "\n", "\n", "Digital", " Art", " and", " Lore", " Book", " -", " $", "8", "\n", "\n", "Physical", " Art", " and", " Lore", " Book", "-", " $", "30", "\n", "\n", "If", " you", " are", " a", " Grand", " Edition", " backer", " the", " physical", " Art", " and", " Lore", " Book", " will", " be", " included", " in", " your", " kit", ",", " do", " not", " purchase", " the", " Art", " and", " Lore", " Book", " if", " you", " already", " have", " the", " Grand", " Edition", ".", " Special", " Edition", " backers", " will", " receive", " the", " digital", " version", ".", " Back", "ers", " selecting", " additional", " pledges", " will", " be", " surveyed", " after", " the", " Kickstarter", "'s", " completion", " date", " for", " their", " rewards", ".", " And", " please", " keep", " in", " mind", " that", " these", " are", " mock", "-", "up", " images", ",", " and", " subject", " to", " change", ".", "\n", "\n", "Lastly", ",", " we", "'ll", " be", " team", "ing", " it", " up", " with", " http", "://", "k", "icking", "it", "forward", ".", "org", " and", " should", " Walk", "erman", " be", " successfully", " funded", ",", " expect", " to", " see", " even", " more", " awesome", " projects", "."]