["Written", " by", ":", "\n", "\n", "Magic", "M", "int", " Score", ":", " 10", "\n", "\n", "votes", ":", " 13", "\n", "\n", "Format", ":", " Article", "\n\n", "\n", "\n", "Do", " you", " need", " to", " optimize", " your", " SSD", "?", " Do", " you", " need", " to", " optimize", " your", " SSD", "?", "\n", "\n", "The", " answer", " is", " no", " if", " you", "\ufffd", "\ufffd", "re", " an", " optim", "ist", ",", " and", " yes", " if", " you", "\ufffd", "\ufffd", "re", " a", " pessim", "ist", " yet", " a", " benchmark", " believer", ".", " Fact", " is", ",", " a", " Solid", " State", " Drive", " is", " internally", " totally", " different", " from", " magnetic", " hard", " drives", ":", " as", " the", " well", "-", "known", " USB", " pen", " drives", " or", " SD", " cards", ",", " with", " which", " it", " shares", " the", " same", " flash", " technology", ",", " it", " does", " benefit", " from", " the", " few", "est", " write", " cycles", " as", " possible", ".", " This", " will", " surely", " extend", " its", " life", " span", " since", " any", " write", " access", " will", " inevitably", " shorten", " it", ",", " due", " to", " technology", " limitations", " \u2014", " and", " if", " your", " SSD", " happens", " to", " be", " sold", "ered", " to", " the", " motherboard", ",", " as", " it", " is", " the", " case", " of", " the", " smaller", " boot", "-", "up", " disk", " in", " my", " Asus", " Zen", "book", ",", " this", " kind", " of", " optimization", " matters", " to", " you", " all", " the", " more", ".", " You", " can", " then", " just", " as", " well", " squeeze", " out", " a", " little", " bit", " of", " additional", " performance", " from", " your", " SSD", " if", " you", " like", ".", "\n", "\n", "P", "rel", "iminary", " steps", "\n", "\n", "With", " the", " help", " of", " the", " GNOME", " disk", " utility", ",", " you", " can", " easily", " find", " out", " which", " one", " of", " your", " disks", " is", " the", " SSD", " you", " need", " to", " prevent", " from", " damage", " (", "M", "int", " Menu", "\ufffd", "\ufffd", " Accessories", "\ufffd", "\ufffd", " Dis", "ks", "):", "\n", "\n", "\u2026", "$", " gn", "ome", "-", "dis", "ks", "\n", "\n", "After", " having", " made", " a", " security", " copy", " of", " your", " file", " system", " table", ",", " look", " into", " its", " contents", " in", " order", " to", " find", " out", " how", " it", " design", "ates", " the", " single", " partitions", ".", " It", " can", " do", " it", " either", " by", " labels", " or", " by", " so", "-", "called", " U", "UID", "s", ";", " both", " of", " them", " can", " easily", " be", " listed", " for", " your", " system", " with", " a", " third", " command", ":", "\n", "\n", "\u2026", "$", " sudo", " cp", " -", "i", " /", "etc", "/", "f", "stab", " /", "etc", "/", "f", "stab", ".", "b", "ak", " \u2026", "$", " cat", " /", "etc", "/", "f", "stab", " \u2026", "$", " sudo", " bl", "kid", "\n", "\n", "Finally", ",", " you", " can", " edit", " the", " file", " system", " table", " by", ":", "\n", "\n", "\u2026", "$", " sudo", " g", "edit", " /", "etc", "/", "f", "stab", "\n", "\n", "Less", " unnecessary", " writes", "\n", "\n", "For", " each", " non", "-", "sw", "ap", " partition", " on", " the", " SSD", ",", " you", " should", " make", " the", " defaults", ",", "\u2026", " options", " contain", " the", " words", " \ufffd", "\ufffd", "no", "at", "ime", "\ufffd", "\ufffd", " and", " \ufffd", "\ufffd", "disc", "ard", "\ufffd", "\ufffd", ".", " As", " an", " example", ",", " take", " the", " root", " partition", " and", " assume", " it", " to", " be", " designed", " by", " its", " label", " (", "as", " in", " LM", "14", " Nad", "ia", ",", " e", ".", "g", ".):", "\n", "\n", "#", " File", "Sys", " Mount", "P", "t", " Type", " Options", " D", "ump", " Pass", " L", "AB", "EL", "=", "RO", "OT", " /", " ext", "4", " defaults", ",", "no", "at", "ime", ",", "disc", "ard", " 0", " 1", "\n", "\n", "If", " the", " trim", "ming", " is", " done", " this", " way", ",", " it", " is", " performed", " at", " each", " delete", " operation", ".", " In", " LM", " 17", ".", "1", " Rebecca", ",", " there", " is", " now", " a", " background", " trim", "ming", " job", " scheduled", " on", " a", " weekly", " basis", " at", " /", "etc", "/", "c", "ron", ".", "weekly", "/", "f", "str", "im", " which", " is", " aimed", " at", " every", " SSD", ",", " but", " it", " works", " by", " default", " only", " if", " the", " disk", " is", " made", " by", " Intel", " or", " Samsung", ".", "\n", "\n", "If", " your", " system", " is", " stable", " in", " other", " respects", ",", " i", ".", "e", ".", " you", " don", "\ufffd", "\ufffd", "t", " have", " to", " look", " into", " the", " system", " logs", " immediately", " after", " boot", "ing", " up", ",", " you", " can", " redirect", " the", " latter", " into", " the", " RAM", ":", "\n", "\n", "#", " File", "Sys", " Mount", "P", "t", " Type", " Options", " D", "ump", " Pass", " tmp", "fs", " /", "tmp", " tmp", "fs", " defaults", ",", "no", "at", "ime", ",", "mode", "=", "17", "77", ",", "size", "=", "15", "%", " 0", " 0", " tmp", "fs", " /", "var", "/", "log", " tmp", "fs", " defaults", ",", "size", "=", "5", "%", " 0", " 0", "\n", "\n", "If", " you", " have", " the", " possibility", " to", " transfer", " the", " /", "var", " directory", " from", " the", " SSD", " to", " a", " normal", " hard", " disk", ",", " you", " should", " do", " it", ",", " because", " it", " is", " the", " only", " physical", " system", " directory", " which", " is", " subject", " to", " heavy", " write", " usage", " (", "think", " of", " package", " upgrades", ").", "\n", "\n", "As", " far", " as", " the", " swap", " partition", " is", " concerned", ",", " you", " should", " weigh", " up", " the", " following", " points", ":", "\n", "\n", "If", " you", " have", " enough", " RAM", " for", " your", " working", " load", ",", " then", " you", " won", "\ufffd", "\ufffd", "t", " need", " the", " swap", " partition", " for", " anything", " else", " than", " for", " hiber", "nation", ",", " and", " that", " will", " hardly", " affect", " the", " SSD", " more", " than", " its", " normal", " day", "-", "to", "-", "day", " usage", ";", "\n\n", "\n", "\n", "If", " you", " don", "\ufffd", "\ufffd", "t", " have", " enough", " RAM", ",", " then", " the", " frequent", " swapping", " of", " memory", " contents", " onto", " the", " SSD", " will", " wear", " it", " out", " too", " soon", ",", " so", " consider", " either", " to", " upgrade", " your", " RAM", " or", " place", " the", " swap", " partition", " on", " another", " disk", ".", "\n", "\n", "F", "aster", " writes", "\n", "\n", "The", " command", " bl", "kid", " \u2014", " or", " even", " better", " the", " look", " into", " Dis", "ks", " \u2014", " at", " the", " beginning", " has", " also", " revealed", " the", " device", " name", " of", " the", " SSD", " which", " is", " something", " like", " s", "da", ",", " s", "db", ",,", " etc", ".", " If", " this", " name", " doesn", "\ufffd", "\ufffd", "t", " change", " upon", " rest", "arts", " (", "i", ".", "e", ".", " you", " or", " the", " computer", " don", "\ufffd", "\ufffd", "t", " re", "-", "arr", "ange", " the", " disks", "),", " you", " could", " go", " for", " optimization", " of", " your", " SSD", ".", " With", " the", " following", " commands", " you", " can", " check", " if", " you", " need", " to", " at", " all", " (", "replace", " sd", "X", " by", " the", " device", " name", " of", " your", " SSD", "):", "\n", "\n", "\u2026", "$", " cat", " /", "sys", "/", "block", "/", "sd", "X", "/", "queue", "/", "rot", "ational", " \u2026", "$", " cat", " /", "sys", "/", "block", "/", "sd", "X", "/", "queue", "/", "sc", "hed", "uler", "\n", "\n", "If", " the", " first", " gives", " you", " a", " 0", " and", " the", " second", " a", " list", " in", " which", " the", " active", " sched", "uler", " (", "the", " one", " surrounded", " by", " square", " brackets", ")", " is", " either", " \ufffd", "\ufffd", "dead", "line", "\ufffd", "\ufffd", " or", " \ufffd", "\ufffd", "no", "op", "\ufffd", "\ufffd", ",", " then", " the", " kernel", " itself", " takes", " care", " of", " the", " peculiar", "ities", " of", " the", " SSD", " already", ".", " If", " not", ",", " then", " you", " should", " try", " one", " of", " the", " following", " tweaks", ":", "\n", "\n", "Note", " that", " such", " a", " write", " optimization", " doesn", "\ufffd", "\ufffd", "t", " matter", " in", " the", " dual", " disk", " setup", " of", " some", " Ultr", "ab", "ooks", " like", " mine", ".", "\n", "\n", "Avoid", " \ufffd", "\ufffd", "the", " fuller", ",", " the", " slower", "\ufffd", "\ufffd", "\n", "\n", "We", " have", " done", " so", " already", " by", " enabling", " the", " \ufffd", "\ufffd", "disc", "ard", "\ufffd", "\ufffd", " (", "the", " trash", ")", " option", " in", " the", " file", " system", " table", " further", " above", ",", " so", " all", " you", " have", " to", " do", " is", " to", " restart", " the", " computer", "\u2026", "\n", "\n", "Other", " tutorials", " from", " Magic", "M", "int", "\n", "\n", "Tags", ":", "Created", ":", " 5", " years", " ago", ".", "Last", " edited", ":", " 4", " years", " ago", ".", "Reviewed", ":", " 5", " years", " ago", "."]