["Title", ":", " 2013", " HHS", " News", " Releases", " URL", ":", " http", "://", "www", ".", "h", "hs", ".", "gov", "/", "news", "/", "press", "/", "2013", "pres", "/", "2013", ".", "html", " Description", ":", " 2013", " news", " releases", " of", " the", " US", " Department", " of", " Health", " and", " Human", " Services", " Loading", " Way", "back", " Capture", " Info", "...", " Videos", ":", " 4", " Videos", " Capt", "ured", " Group", ":", " HHS", " News", " Releases", " Creator", ":", " HHS", "/", "AS", "PA", " Date", ":", " 2013", "\n", "\n", "Title", ":", " Affordable", " Care", " Act", " extended", " free", " preventive", " care", " to", " 71", " million", " Americans", " with", " private", " health", " insurance", " URL", ":", " https", "://", "www", ".", "h", "hs", ".", "gov", "/", "about", "/", "2013", "/", "03", "/", "18", "/", "aff", "ordable", "-", "care", "-", "act", "-", "ext", "ended", "-", "free", "-", "pre", "vent", "ive", "-", "care", "-", "to", "-", "71", "-", "million", "-", "amer", "icans", "-", "with", "-", "private", "-", "health", "-", "ins", "urance", ".", "html", " Description", ":", " Health", " and", " Human", " Services", " (", "H", "HS", ")", " Secretary", " Kathleen", " Se", "bel", "ius", " announced", " today", " that", " about", " 71", " million", " Americans", " in", " private", " health", " insurance", " plans", " received", " coverage", " for", " at", " least", " one", " free", " preventive", " health", " care", " service", ",", " such", " as", " a", " mamm", "ogram", " or", " flu", " shot", ",", " in", " 2011", " and", " 2012", " because", " of", " the", " Affordable", " Care", " Act", ".", " Loading", " Way", "back", " Capture", " Info", "...", " Creator", ":", " HHS", " Assistant", " Secretary", " for", " Public", " Affairs", " (", "AS", "PA", ")", " Date", ":", " 2013", " Group", ":", " HHS", " News", " Releases", " Categories", ":", " Affordable", " Care", " Act", "\n", "\n", "URL", ":", " https", "://", "www", ".", "h", "hs", ".", "gov", "/", "about", "/", "news", "/", "2013", "/", "01", "/", "03", "/", "add", "itional", "-", "states", "-", "cond", "itionally", "-", "approved", "-", "to", "-", "build", "-", "health", "-", "ins", "urance", "-", "market", "places", ".", "html", " Loading", " Way", "back", " Capture", " Info", "...", " Group", ":", " HHS", " News", " Releases", " Date", ":", " 2013", "\n", "\n", "Title", ":", " HHS", " announces", " first", " HIP", "AA", " breach", " settlement", " involving", " less", " than", " 500", " patients", " URL", ":", " https", "://", "www", ".", "h", "hs", ".", "gov", "/", "about", "/", "news", "/", "2013", "/", "01", "/", "03", "/", "h", "hs", "-", "ann", "ounces", "-", "first", "-", "hip", "aa", "-", "bre", "ach", "-", "sett", "lement", "-", "in", "vol", "ving", "-", "less", "-", "than", "-", "500", "-", "pat", "ients", ".", "html", " Description", ":", " The", " Hosp", "ice", " of", " North", " Idaho", " (", "H", "ON", "I", ")", " has", " agreed", " to", " pay", " HHS", " $", "50", ",", "000", " to", " settle", " potential", " violations", " of", " the", " Health", " Insurance", " Port", "ability", " and", " Accountability", " Act", " of", " 1996", " (", "H", "IP", "AA", ")", " Security", " Rule", ".", " Loading", " Way", "back", " Capture", " Info", "...", " Creator", ":", " HHS", " Assistant", " Secretary", " for", " Public", " Affairs", " (", "AS", "PA", ")", " Date", ":", " 2013", " Group", ":", " HHS", " News", " Releases", " Categories", ":", " HIP", "AA", "\n", "\n", "URL", ":", " https", "://", "www", ".", "h", "hs", ".", "gov", "/", "about", "/", "news", "/", "2013", "/", "01", "/", "10", "/", "more", "-", "do", "ctors", "-", "h", "osp", "itals", "-", "part", "ner", "-", "to", "-", "coord", "inate", "-", "care", "-", "for", "-", "people", "-", "with", "-", "med", "ic", "are", "-", "sp", "anish", ".", "html", " Loading", " Way", "back", " Capture", " Info", "...", " Group", ":", " HHS", " News", " Releases", " Date", ":", " 2013", "\n", "\n", "URL", ":", " https", "://", "www", ".", "h", "hs", ".", "gov", "/", "about", "/", "news", "/", "2013", "/", "01", "/", "10", "/", "more", "-", "do", "ctors", "-", "h", "osp", "itals", "-", "part", "ner", "-", "to", "-", "coord", "inate", "-", "care", "-", "for", "-", "people", "-", "with", "-", "med", "ic", "are", ".", "html", " Loading", " Way", "back", " Capture", " Info", "...", " Group", ":", " HHS", " News", " Releases", " Date", ":", " 2013", "\n", "\n", "URL", ":", " https", "://", "www", ".", "h", "hs", ".", "gov", "/", "about", "/", "news", "/", "2013", "/", "01", "/", "14", "/", "mill", "ions", "-", "of", "-", "amer", "icans", "-", "new", "ly", "-", "eligible", "-", "for", "-", "quality", "-", "aff", "ordable", "-", "health", "-", "co", "verage", "-", "in", "-", "2014", "-", "sp", "anish", ".", "html", " Loading", " Way", "back", " Capture", " Info", "...", " Group", ":", " HHS", " News", " Releases", " Date", ":", " 2013", "\n", "\n", "URL", ":", " https", "://", "www", ".", "h", "hs", ".", "gov", "/", "about", "/", "news", "/", "2013", "/", "01", "/", "14", "/", "mill", "ions", "-", "of", "-", "amer", "icans", "-", "new", "ly", "-", "eligible", "-", "for", "-", "quality", "-", "aff", "ordable", "-", "health", "-", "co", "verage", "-", "in", "-", "2014", ".", "html", " Loading", " Way", "back", " Capture", " Info", "...", " Group", ":", " HHS", " News", " Releases", " Date", ":", " 2013", "\n", "\n", "Title", ":", " New", " designs", " to", " make", " health", " records", " easier", " for", " patients", " to", " use", " URL", ":", " https", "://", "www", ".", "h", "hs", ".", "gov", "/", "about", "/", "news", "/", "2013", "/", "01", "/", "15", "/", "new", "-", "design", "s", "-", "to", "-", "make", "-", "health", "-", "rec", "ords", "-", "eas", "ier", "-", "for", "-", "pat", "ients", "-", "to", "-", "use", ".", "html", " Description", ":", " HHS", " and", " the", " Office", " of", " the", " National", " Coordinator", " for", " Health", " Information", " Technology", " (", "ON", "C", ")", " has", " announced", " the", " winning", " designs", " of", " printed", " health", " records", " that", " help", " patients", " better", " understand", " and", " use", " their", " electronic", " health", " records", " (", "E", "HR", "s", ").", " Loading", " Way", "back", " Capture", " Info", "...", " Creator", ":", " HHS", " Assistant", " Secretary", " for", " Public", " Affairs", " (", "AS", "PA", ")", " Date", ":", " 2013", " Group", ":", " HHS", " News", " Releases", " Categories", ":", " Health", " IT", "\n", "\n", "Title", ":", " Statement", " from", " HHS", " Secretary", " Se", "bel", "ius", " on", " President", "'s", " Sandy", " Hook", " Response", " Plan", " URL", ":", " https", "://", "www", ".", "h", "hs", ".", "gov", "/", "about", "/", "news", "/", "2013", "/", "01", "/", "16", "/", "statement", "-", "from", "-", "h", "hs", "-", "secret", "ary", "-", "se", "bel", "ius", "-", "on", "-", "pres", "idents", "-", "s", "andy", "-", "hook", "-", "response", "-", "plan", ".", "html", " Description", ":", " The", " Department", " of", " Health", " and", " Human", " Services", " will", " mobilize", " our", " medical", " and", " scientific", " expertise", " in", " support", " of", " the", " agenda", " announced", " today", " by", " the", " President", " to", " prevent", " tragedies", " like", " the", " one", " that", " occurred", " at", " Sandy", " Hook", " Elementary", " School", ".", " Loading", " Way", "back", " Capture", " Info", "...", " Creator", ":", " HHS", " Assistant", " Secretary", " for", " Public", " Affairs", " (", "AS", "PA", ")", " Date", ":", " 2013", " Group", ":", " HHS", " News", " Releases", " Categories", ":", " Health", " Care", "\n", "\n", "URL", ":", " https", "://", "www", ".", "h", "hs", ".", "gov", "/", "about", "/", "news", "/", "2013", "/", "01", "/", "17", "/", "h", "hs", "-", "aw", "ards", "-", "1", "-", "5", "-", "billion", "-", "to", "-", "support", "-", "states", "-", "building", "-", "health", "-", "ins", "urance", "-", "market", "places", ".", "html", " Loading", " Way", "back", " Capture", " Info", "...", " Group", ":", " HHS", " News", " Releases", " Date", ":", " 2013", "\n", "\n", "URL", ":", " https", "://", "www", ".", "h", "hs", ".", "gov", "/", "about", "/", "news", "/", "2013", "/", "01", "/", "17", "/", "new", "-", "rule", "-", "protect", "s", "-", "patient", "-", "priv", "acy", "-", "sec", "ures", "-", "health", "-", "information", ".", "html", " Loading", " Way", "back", " Capture", " Info", "...", " Group", ":", " HHS", " News", " Releases", " Date", ":", " 2013", "\n", "\n", "URL", ":", " https", "://", "www", ".", "h", "hs", ".", "gov", "/", "about", "/", "news", "/", "2013", "/", "01", "/", "18", "/", "statement", "-", "from", "-", "ass", "istant", "-", "secret", "ary", "-", "nic", "ole", "-", "l", "ur", "ie", "-", "on", "-", "f", "da", "-", "appro", "val", "-", "of", "-", "new", "-", "inf", "lu", "enza", "-", "vacc", "ine", "-", "manufact", "ured", "-", "with", "-", "no", "vel", "-", "technology", ".", "html", " Loading", " Way", "back", " Capture", " Info", "...", " Group", ":", " HHS", " News", " Releases", " Date", ":", " 2013", "\n", "\n", "URL", ":", " https", "://", "www", ".", "h", "hs", ".", "gov", "/", "about", "/", "news", "/", "2013", "/", "01", "/", "18", "/", "statement", "-", "from", "-", "h", "hs", "-", "secret", "ary", "-", "k", "ath", "leen", "-", "se", "bel", "ius", "-", "on", "-", "mart", "in", "-", "l", "uther", "-", "king", "-", "j", "r", "-", "day", ".", "html", " Loading", " Way", "back", " Capture", " Info", "...", " Group", ":", " HHS", " News", " Releases", " Date", ":", " 2013", "\n", "\n", "Title", ":", " Statement", " from", " HHS", " Secretary", " Kathleen", " Se", "bel", "ius", " on", " Martin", " Luther", " King", " Jr", ".", " Day", " URL", ":", " https", "://", "www", ".", "h", "hs", ".", "gov", "/", "about", "/", "news", "/", "2013", "/", "01", "/", "18", "/", "statement", "-", "from", "-", "h", "hs", "-", "secret", "ary", "-", "k", "ath", "leen", "-", "se", "bel", "ius", "-", "on", "-", "mart", "in", "-", "l", "uther", "-", "king", "-", "j", "r", "-", "day", ".", "html", " Description", ":", " We", " at", " HHS", " honor", " Martin", " Luther", " King", " Jr", ".'", "s", " call", " for", " justice", ",", " and", " recall", " how", " 47", " years", " ago", " he", " framed", " health", " care", " as", " a", " basic", " human", " right", ".", " Loading", " Way", "back", " Capture", " Info", "...", " Creator", ":", " HHS", " Assistant", " Secretary", " for", " Public", " Affairs", " (", "AS", "PA", ")", " Date", ":", " 2013", " Group", ":", " HHS", " News", " Releases", " Categories", ":", " Health", " Care", "\n", "\n", "URL", ":", " https", "://", "www", ".", "h", "hs", ".", "gov", "/", "about", "/", "news", "/", "2013", "/", "02", "/", "01", "/", "administ", "ration", "-", "issues", "-", "notice", "-", "of", "-", "prop", "osed", "-", "rule", "making", "-", "on", "-", "recomm", "ended", "-", "pre", "vent", "ive", "-", "services", "-", "policy", "-", "sp", "anish", ".", "html", " Loading", " Way", "back", " Capture", " Info", "...", " Group", ":", " HHS", " News", " Releases", " Date", ":", " 2013", "\n", "\n", "URL", ":", " https", "://", "www", ".", "h", "hs", ".", "gov", "/", "about", "/", "news", "/", "2013", "/", "02", "/", "01", "/", "administ", "ration", "-", "issues", "-", "notice", "-", "of", "-", "prop", "osed", "-", "rule", "making", "-", "on", "-", "recomm", "ended", "-", "pre", "vent", "ive", "-", "services", "-", "policy", ".", "html", " Loading", " Way", "back", " Capture", " Info", "...", " Group", ":", " HHS", " News", " Releases", " Date", ":", " 2013", "\n", "\n", "URL", ":", " https", "://", "www", ".", "h", "hs", ".", "gov", "/", "about", "/", "news", "/", "2013", "/", "02", "/", "04", "/", "at", "-", "risk", "-", "l", "atin", "as", "-", "target", "ed", "-", "in", "-", "heart", "-", "attack", "-", "awareness", "-", "campaign", ".", "html", " Loading", " Way", "back", " Capture", " Info", "...", " Group", ":", " HHS", " News", " Releases", " Date", ":", " 2013", "\n", "\n", "Title", ":", " At", "-", "risk", " Latin", "as", " targeted", " in", " heart", " attack", " awareness", " campaign", " URL", ":", " https", "://", "www", ".", "h", "hs", ".", "gov", "/", "about", "/", "news", "/", "2013", "/", "02", "/", "04", "/", "at", "-", "risk", "-", "l", "atin", "as", "-", "target", "ed", "-", "in", "-", "heart", "-", "attack", "-", "awareness", "-", "campaign", ".", "html", " Description", ":", " The", " Obama", " Administration", " today", " issued", " proposed", " rules", " for", " public", " comment", " regarding", " contraceptive", " coverage", " with", " no", " cost", " sharing", " under", " the", " health", " care", " law", ".", " The", " HHS", " Office", " on", " Women", "'s", " Health", " (", "OW", "H", ")", " today", " launched", " its", " new", " heart", " attack", " awareness", " campaign", ",", " \"", "H", "aga", " La", " L", "lam", "ada", ",", " ", "\u00c2", "\ufffd", "\ufffd", "No", " Pier", "da", " Ti", "em", "po", "!\"", " targeting", " Spanish", "-", "speaking", " women", " age", " 50", " and", " over", ".", " Loading", " Way", "back", " Capture", " Info", "...", " Creator", ":", " HHS", " Assistant", " Secretary", " for", " Public", " Affairs", " (", "AS", "PA", ")", " Date", ":", " 2013", " Group", ":", " HHS", " News", " Releases", " Categories", ":", " Health", " Care", "\n", "\n", "URL", ":", " https", "://", "www", ".", "h", "hs", ".", "gov", "/", "about", "/", "news", "/", "2013", "/", "02", "/", "04", "/", "re", "forms", "-", "of", "-", "reg", "ulatory", "-", "requ", "irements", "-", "to", "-", "save", "-", "health", "-", "care", "-", "prov", "iders", "-", "676", "-", "million", "-", "ann", "ually", ".", "html", " Loading", " Way", "back", " Capture", " Info", "...", " Group", ":", " HHS", " News", " Releases", " Date", ":", " 2013", "\n", "\n", "URL", ":", " https", "://", "www", ".", "h", "hs", ".", "gov", "/", "about", "/", "news", "/", "2013", "/", "02", "/", "04", "/", "statement", "-", "from", "-", "h", "hs", "-", "secret", "ary", "-", "k", "ath", "leen", "-", "se", "bel", "ius", "-", "on", "-", "af", "rican", "-", "amer", "ican", "-", "history", "-", "month", ".", "html", " Loading", " Way", "back", " Capture", " Info", "...", " Group", ":", " HHS", " News", " Releases", " Date", ":", " 2013", "\n", "\n", "URL", ":", " https", "://", "www", ".", "h", "hs", ".", "gov", "/", "about", "/", "news", "/", "2013", "/", "02", "/", "04", "/", "statement", "-", "from", "-", "h", "hs", "-", "secret", "ary", "-", "k", "ath", "leen", "-", "se", "bel", "ius", "-", "on", "-", "amer", "ican", "-", "heart", "-", "month", ".", "html", " Loading", " Way", "back", " Capture", " Info", "...", " Group", ":", " HHS", " News", " Releases", " Date", ":", " 2013", "\n", "\n", "Title", ":", " Statement", " from", " HHS", " Secretary", " Kathleen", " Se", "bel", "ius", " on", " American", " Heart", " Month", " URL", ":", " https", "://", "www", ".", "h", "hs", ".", "gov", "/", "about", "/", "news", "/", "2013", "/", "02", "/", "04", "/", "statement", "-", "from", "-", "h", "hs", "-", "secret", "ary", "-", "k", "ath", "leen", "-", "se", "bel", "ius", "-", "on", "-", "amer", "ican", "-", "heart", "-", "month", ".", "html", " Description", ":", " February", " 1", "st", " marked", " the", " beginning", " of", " American", " Heart", " Month", ",", " a", " time", " to", " think", " about", " what", " you", " can", " do", " to", " take", " care", " of", " your", " heart", ".", " Loading", " Way", "back", " Capture", " Info", "...", " Creator", ":", " HHS", " Assistant", " Secretary", " for", " Public", " Affairs", " (", "AS", "PA", ")", " Date", ":", " 2013", " Group", ":", " HHS", " News", " Releases", " Categories", ":", " Public", " Health", " and", " Safety", "\n", "\n", "URL", ":", " https", "://", "www", ".", "h", "hs", ".", "gov", "/", "about", "/", "news", "/", "2013", "/", "02", "/", "06", "/", "national", "-", "health", "-", "service", "-", "cor", "ps", "-", "exp", "ands", "-", "the", "-", "primary", "-", "care", "-", "work", "force", ".", "html", " Loading", " Way", "back", " Capture", " Info", "...", " Group", ":", " HHS", " News", " Releases", " Date", ":", " 2013", "\n", "\n", "URL", ":", " https", "://", "www", ".", "h", "hs", ".", "gov", "/", "about", "/", "news", "/", "2013", "/", "02", "/", "08", "/", "h", "hs", "-", "en", "forces", "-", "equal", "-", "access", "-", "for", "-", "de", "af", "-", "and", "-", "hard", "-", "of", "-", "he", "aring", "-", "individual", "s", "-", "in", "-", "new", "-", "y", "ork", "-", "and", "-", "dc", ".", "html", " Loading", " Way", "back", " Capture", " Info", "...", " Group", ":", " HHS", " News", " Releases", " Date", ":", " 2013", "\n", "\n", "Title", ":", " HHS", " en", "forces", " equal", " access", " for", " deaf", " and", " hard", " of", " hearing", " individuals", " in", " New", " York", " and", " DC", " URL", ":", " https", "://", "www", ".", "h", "hs", ".", "gov", "/", "about", "/", "news", "/", "2013", "/", "02", "/", "08", "/", "h", "hs", "-", "en", "forces", "-", "equal", "-", "access", "-", "for", "-", "de", "af", "-", "and", "-", "hard", "-", "of", "-", "he", "aring", "-", "individual", "s", "-", "in", "-", "new", "-", "y", "ork", "-", "and", "-", "dc", ".", "html", " Description", ":", " HHS", " has", " taken", " two", " important", " enforcement", " actions", " to", " ensure", " deaf", " and", " hard", " of", " hearing", " individuals", " living", " in", " New", " York", " and", " Washington", ",", " D", ".", "C", ".,", " have", " equal", " access", " to", " programs", " and", " services", " provided", " by", " local", " government", " agencies", ".", " Loading", " Way", "back", " Capture", " Info", "...", " Creator", ":", " HHS", " Assistant", " Secretary", " for", " Public", " Affairs", " (", "AS", "PA", ")", " Date", ":", " 2013", " Group", ":", " HHS", " News", " Releases", " Categories", ":", " Health", " Care", "\n", "\n", "URL", ":", " https", "://", "www", ".", "h", "hs", ".", "gov", "/", "about", "/", "news", "/", "2013", "/", "02", "/", "11", "/", "dep", "artments", "-", "of", "-", "justice", "-", "and", "-", "health", "-", "and", "-", "human", "-", "services", "-", "ann", "ounce", "-", "record", "-", "breaking", "-", "re", "cover", "ies", "-", "result", "ing", "-", "from", "-", "j", "oint", "-", "eff", "orts", "-", "to", "-", "combat", "-", "health", "-", "care", "-", "f", "raud", ".", "html", " Loading", " Way", "back", " Capture", " Info", "...", " Group", ":", " HHS", " News", " Releases", " Date", ":", " 2013", "\n", "\n", "URL", ":", " https", "://", "www", ".", "h", "hs", ".", "gov", "/", "about", "/", "news", "/", "2013", "/", "02", "/", "12", "/", "h", "ud", "-", "and", "-", "h", "hs", "-", "part", "ner", "-", "to", "-", "prov", "ide", "-", "per", "manent", "-", "housing", "-", "and", "-", "services", "-", "to", "-", "low", "-", "income", "-", "people", "-", "with", "-", "dis", "abilities", ".", "html", " Loading", " Way", "back", " Capture", " Info", "...", " Group", ":", " HHS", " News", " Releases", " Date", ":", " 2013", "\n", "\n", "URL", ":", " https", "://", "www", ".", "h", "hs", ".", "gov", "/", "about", "/", "news", "/", "2013", "/", "02", "/", "13", "/", "h", "hs", "-", "part", "ners", "-", "with", "-", "ill", "inois", "-", "on", "-", "health", "-", "ins", "urance", "-", "market", "place", ".", "html", " Loading", " Way", "back", " Capture", " Info", "...", " Group", ":", " HHS", " News", " Releases", " Date", ":", " 2013", "\n", "\n", "URL", ":", " https", "://", "www", ".", "h", "hs", ".", "gov", "/", "about", "/", "news", "/", "2013", "/", "02", "/", "14", "/", "winner", "-", "of", "-", "million", "-", "he", "arts", "-", "risk", "-", "check", "-", "chall", "enge", "-", "comp", "etition", "-", "announced", ".", "html", " Loading", " Way", "back", " Capture", " Info", "...", " Group", ":", " HHS", " News", " Releases", " Date", ":", " 2013", "\n", "\n", "URL", ":", " https", "://", "www", ".", "h", "hs", ".", "gov", "/", "about", "/", "news", "/", "2013", "/", "02", "/", "15", "/", "h", "hs", "-", "ann", "ounces", "-", "27", "-", "strong", "-", "start", "-", "for", "-", "mother", "s", "-", "and", "-", "new", "born", "s", "-", "aw", "ards", ".", "html", " Loading", " Way", "back", " Capture", " Info", "...", " Group", ":", " HHS", " News", " Releases", " Date", ":", " 2013", "\n", "\n", "URL", ":", " https", "://", "www", ".", "h", "hs", ".", "gov", "/", "about", "/", "news", "/", "2013", "/", "02", "/", "15", "/", "secret", "ary", "-", "se", "bel", "ius", "-", "ann", "ounces", "-", "new", "-", "h", "hs", "-", "reg", "ional", "-", "director", ".", "html", " Loading", " Way", "back", " Capture", " Info", "...", " Group", ":", " HHS", " News", " Releases", " Date", ":", " 2013", "\n", "\n", "URL", ":", " https", "://", "www", ".", "h", "hs", ".", "gov", "/", "about", "/", "news", "/", "2013", "/", "02", "/", "20", "/", "health", "-", "care", "-", "law", "-", "allows", "-", "cons", "umers", "-", "to", "-", "eas", "ily", "-", "find", "-", "and", "-", "comp", "are", "-", "options", "-", "starting", "-", "in", "-", "2014", ".", "html", " Loading", " Way", "back", " Capture", " Info", "...", " Group", ":", " HHS", " News", " Releases", " Date", ":", " 2013", "\n", "\n", "URL", ":", " https", "://", "www", ".", "h", "hs", ".", "gov", "/", "about", "/", "news", "/", "2013", "/", "02", "/", "21", "/", "h", "hs", "-", "prov", "iding", "-", "states", "-", "add", "itional", "-", "flex", "ibility", "-", "resources", "-", "to", "-", "enh", "ance", "-", "care", ".", "html", " Loading", " Way", "back", " Capture", " Info", "...", " Group", ":", " HHS", " News", " Releases", " Date", ":", " 2013", "\n", "\n", "URL", ":", " https", "://", "www", ".", "h", "hs", ".", "gov", "/", "about", "/", "news", "/", "2013", "/", "02", "/", "22", "/", "health", "-", "care", "-", "law", "-", "protect", "s", "-", "cons", "umers", "-", "against", "-", "worst", "-", "ins", "urance", "-", "pract", "ices", ".", "html", " Loading", " Way", "back", " Capture", " Info", "...", " Group", ":", " HHS", " News", " Releases", " Date", ":", " 2013", "\n", "\n", "URL", ":", " https", "://", "www", ".", "h", "hs", ".", "gov", "/", "about", "/", "news", "/", "2013", "/", "02", "/", "25", "/", "statement", "-", "from", "-", "h", "hs", "-", "secret", "ary", "-", "k", "ath", "leen", "-", "se", "bel", "ius", "-", "on", "-", "the", "-", "pass", "ing", "-", "of", "-", "former", "-", "sur", "geon", "-", "general", "-", "e", "verett", "-", "ko", "op", ".", "html", " Loading", " Way", "back", " Capture", " Info", "...", " Group", ":", " HHS", " News", " Releases", " Date", ":", " 2013", "\n", "\n", "Title", ":", " Statement", " from", " HHS", " Secretary", " Kathleen", " Se", "bel", "ius", " on", " the", " passing", " of", " former", " Sur", "geon", " General", " C", ".", " Everett", " K", "oop", " URL", ":", " https", "://", "www", ".", "h", "hs", ".", "gov", "/", "about", "/", "news", "/", "2013", "/", "02", "/", "25", "/", "statement", "-", "from", "-", "h", "hs", "-", "secret", "ary", "-", "k", "ath", "leen", "-", "se", "bel", "ius", "-", "on", "-", "the", "-", "pass", "ing", "-", "of", "-", "former", "-", "sur", "geon", "-", "general", "-", "e", "verett", "-", "ko", "op", ".", "html", " Description", ":", " I", " am", " deeply", " saddened", " by", " the", " passing", " of", " former", " Sur", "geon", " General", " C", ".", " Everett", " K", "oop", ".", " Dr", ".", " K", "oop", " was", " a", " fearless", " public", " servant", " and", " a", " pioneering", " pediatric", " surgeon", ".", " I", " was", " honored", " to", " have", " worked", " with", " him", " on", " several", " occasions", ".", " Loading", " Way", "back", " Capture", " Info", "...", " Creator", ":", " HHS", " Assistant", " Secretary", " for", " Public", " Affairs", " (", "AS", "PA", ")", " Date", ":", " 2013", " Group", ":", " HHS", " News", " Releases", " Categories", ":", " Hol", "idays", " and", " Observ", "ances", "\n", "\n", "URL", ":", " https", "://", "www", ".", "h", "hs", ".", "gov", "/", "about", "/", "news", "/", "2013", "/", "02", "/", "28", "/", "public", "-", "v", "oting", "-", "opens", "-", "to", "-", "d", "eter", "mine", "-", "h", "hs", "inn", "ov", "ates", "-", "pe", "oples", "-", "choice", "-", "aw", "ard", "-", "winner", ".", "html", " Loading", " Way", "back", " Capture", " Info", "...", " Group", ":", " HHS", " News", " Releases", " Date", ":", " 2013", "\n", "\n", "URL", ":", " https", "://", "www", ".", "h", "hs", ".", "gov", "/", "about", "/", "news", "/", "2013", "/", "03", "/", "01", "/", "new", "-", "health", "-", "information", "-", "technology", "-", "ad", "visory", "-", "committee", "-", "members", "-", "adv", "ise", "-", "national", "-", "coord", "inator", ".", "html", " Loading", " Way", "back", " Capture", " Info", "...", " Group", ":", " HHS", " News", " Releases", " Date", ":", " 2013", "\n", "\n", "URL", ":", " https", "://", "www", ".", "h", "hs", ".", "gov", "/", "about", "/", "news", "/", "2013", "/", "03", "/", "04", "/", "statement", "-", "h", "hs", "-", "secret", "ary", "-", "k", "ath", "leen", "-", "se", "bel", "ius", "-", "national", "-", "consumer", "-", "protection", "-", "week", ".", "html", " Loading", " Way", "back", " Capture", " Info", "...", " Group", ":", " HHS", " News", " Releases", " Date", ":", " 2013", "\n", "\n", "Title", ":", " Statement", " by", " HHS", " Secretary", " Kathleen", " Se", "bel", "ius", " on", " National", " Consumer", " Protection", " Week", " URL", ":", " https", "://", "www", ".", "h", "hs", ".", "gov", "/", "about", "/", "news", "/", "2013", "/", "03", "/", "04", "/", "statement", "-", "h", "hs", "-", "secret", "ary", "-", "k", "ath", "leen", "-", "se", "bel", "ius", "-", "national", "-", "consumer", "-", "protection", "-", "week", ".", "html", " Description", ":", " Today", " marks", " the", " beginning", " of", " National", " Consumer", " Protection", " Week", ",", " which", " makes", " this", " the", " perfect", " time", " to", " talk", " about", " some", " of", " the", " new", " rights", " and", " protections", " Americans", " have", " under", " the", " Affordable", " Care", " Act", ".", " Loading", " Way", "back", " Capture", " Info", "...", " Creator", ":", " HHS", " Assistant", " Secretary", " for", " Public", " Affairs", " (", "AS", "PA", ")", " Date", ":", " 2013", " Group", ":", " HHS", " News", " Releases", " Categories", ":", " Affordable", " Care", " Act", "\n", "\n", "URL", ":", " https", "://", "www", ".", "h", "hs", ".", "gov", "/", "about", "/", "news", "/", "2013", "/", "03", "/", "04", "/", "statement", "-", "h", "hs", "-", "secret", "ary", "-", "k", "ath", "leen", "-", "se", "bel", "ius", "-", "w", "om", "ens", "-", "history", "-", "month", ".", "html", " Loading", " Way", "back", " Capture", " Info", "...", " Group", ":", " HHS", " News", " Releases", " Date", ":", " 2013", "\n", "\n", "URL", ":", " https", "://", "www", ".", "h", "hs", ".", "gov", "/", "about", "/", "news", "/", "2013", "/", "03", "/", "05", "/", "h", "hs", "-", "re", "aches", "-", "civil", "-", "rights", "-", "sett", "lement", "-", "with", "-", "national", "-", "sen", "ior", "-", "care", "-", "prov", "ider", ".", "html", " Loading", " Way", "back", " Capture", " Info", "...", " Group", ":", " HHS", " News", " Releases", " Date", ":", " 2013", "\n", "\n", "Title", ":", " HHS", " reaches", " civil", " rights", " settlement", " with", " national", " senior", " care", " provider", " URL", ":", " https", "://", "www", ".", "h", "hs", ".", "gov", "/", "about", "/", "news", "/", "2013", "/", "03", "/", "05", "/", "h", "hs", "-", "re", "aches", "-", "civil", "-", "rights", "-", "sett", "lement", "-", "with", "-", "national", "-", "sen", "ior", "-", "care", "-", "prov", "ider", ".", "html", " Description", ":", " The", " U", ".", "S", ".", " Department", " of", " Health", " and", " Human", " Services", " Office", " for", " Civil", " Rights", " (", "OC", "R", ")", " has", " entered", " into", " a", " settlement", " agreement", " with", " Genesis", " Health", "Care", " (", "Gen", "esis", "),", " one", " of", " the", " nation", "'s", " largest", " providers", " of", " senior", " care", ".", " Loading", " Way", "back", " Capture", " Info", "...", " Creator", ":", " HHS", " Assistant", " Secretary", " for", " Public", " Affairs", " (", "AS", "PA", ")", " Date", ":", " 2013", " Group", ":", " HHS", " News", " Releases", " Categories", ":", " Health", " Care", "\n", "\n", "URL", ":", " https", "://", "www", ".", "h", "hs", ".", "gov", "/", "about", "/", "news", "/", "2013", "/", "03", "/", "06", "/", "h", "hs", "-", "ann", "ounces", "-", "2013", "-", "ag", "enda", "-", "to", "-", "bring", "-", "down", "-", "cost", "s", "-", "and", "-", "improve", "-", "quality", "-", "of", "-", "care", "-", "through", "-", "im", "plementation", "-", "of", "-", "health", "-", "information", "-", "technology", ".", "html", " Loading", " Way", "back", " Capture", " Info", "...", " Group", ":", " HHS", " News", " Releases", " Date", ":", " 2013", "\n", "\n", "Title", ":", " HHS", " announces", " 2013", " agenda", " to", " bring", " down", " costs", " and", " improve", " quality", " of", " care", " through", " implementation", " of", " health", " information", " technology", " URL", ":", " https", "://", "www", ".", "h", "hs", ".", "gov", "/", "about", "/", "news", "/", "2013", "/", "03", "/", "06", "/", "h", "hs", "-", "ann", "ounces", "-", "2013", "-", "ag", "enda", "-", "to", "-", "bring", "-", "down", "-", "cost", "s", "-", "and", "-", "improve", "-", "quality", "-", "of", "-", "care", "-", "through", "-", "im", "plementation", "-", "of", "-", "health", "-", "information", "-", "technology", ".", "html", " Description", ":", " Centers", " for", " Medicare", " &", " Medicaid", " Services", " (", "C", "MS", ")", " Acting", " Administrator", " Marilyn", " T", "aven", "ner", " and", " the", " National", " Coordinator", " for", " Health", " Information", " Technology", " Far", "z", "ad", " Most", "ash", "ari", ",", " M", ".", "D", ".,", " today", " announced", " HHS", "'s", " plan", " to", " accelerate", " health", " information", " exchange", " (", "H", "IE", ")", " and", " build", " a", " seamless", " and", " secure", " flow", " of", " information", " essential", " to", " transforming", " the", " health", " care", " system", ".", " Loading", " Way", "back", " Capture", " Info", "...", " Creator", ":", " HHS", " Assistant", " Secretary", " for", " Public", " Affairs", " (", "AS", "PA", ")", " Date", ":", " 2013", " Group", ":", " HHS", " News", " Releases", " Categories", ":", " Affordable", " Care", " Act", "\n", "\n", "URL", ":", " https", "://", "www", ".", "h", "hs", ".", "gov", "/", "about", "/", "news", "/", "2013", "/", "03", "/", "07", "/", "h", "hs", "-", "and", "-", "states", "-", "move", "-", "forward", "-", "to", "-", "offer", "-", "quality", "-", "aff", "ordable", "-", "health", "-", "co", "verage", ".", "html", " Loading", " Way", "back", " Capture", " Info", "...", " Group", ":", " HHS", " News", " Releases", " Date", ":", " 2013", "\n", "\n", "URL", ":", " https", "://", "www", ".", "h", "hs", ".", "gov", "/", "about", "/", "news", "/", "2013", "/", "03", "/", "13", "/", "ass", "istant", "-", "secret", "ary", "-", "nic", "ole", "-", "l", "ur", "ie", "-", "statement", "-", "p", "and", "emic", "-", "and", "-", "all", "-", "h", "az", "ards", "-", "pre", "pared", "ness", "-", "re", "author", "ization", "-", "act", ".", "html", " Loading", " Way", "back", " Capture", " Info", "...", " Group", ":", " HHS", " News", " Releases", " Date", ":", " 2013", "\n", "\n", "URL", ":", " https", "://", "www", ".", "h", "hs", ".", "gov", "/", "about", "/", "news", "/", "2013", "/", "03", "/", "21", "/", "sen", "iors", "-", "s", "aved", "-", "over", "-", "6", "-", "billion", "-", "pres", "cription", "-", "drug", "s", "-", "result", "-", "health", "-", "care", "-", "law", ".", "html", " Loading", " Way", "back", " Capture", " Info", "...", " Group", ":", " HHS", " News", " Releases", " Date", ":", " 2013", "\n", "\n", "URL", ":", " https", "://", "www", ".", "h", "hs", ".", "gov", "/", "about", "/", "news", "/", "2013", "/", "03", "/", "22", "/", "f", "da", "-", "appro", "val", "-", "of", "-", "bot", "ul", "ism", "-", "ant", "it", "oxin", "-", "he", "pt", "aval", "ent", "-", "statement", "-", "from", "-", "h", "hs", "-", "ass", "istant", "-", "secret", "ary", "-", "for", "-", "pre", "pared", "ness", "-", "and", "-", "response", "-", "dr", "-", "nic", "ole", "-", "l", "ur", "ie", ".", "html", " Loading", " Way", "back", " Capture", " Info", "...", " Group", ":", " HHS", " News", " Releases", " Date", ":", " 2013", "\n", "\n", "URL", ":", " https", "://", "www", ".", "h", "hs", ".", "gov", "/", "about", "/", "news", "/", "2013", "/", "03", "/", "29", "/", "h", "hs", "-", "final", "izes", "-", "rule", "-", "gu", "arant", "ee", "ing", "-", "100", "-", "percent", "-", "funding", "-", "for", "-", "new", "-", "med", "ic", "aid", "-", "benef", "ic", "iaries", ".", "html", " Loading", " Way", "back", " Capture", " Info", "...", " Group", ":", " HHS", " News", " Releases", " Date", ":", " 2013", "\n", "\n", "URL", ":", " https", "://", "www", ".", "h", "hs", ".", "gov", "/", "about", "/", "news", "/", "2013", "/", "04", "/", "01", "/", "h", "hs", "-", "secret", "ary", "-", "k", "ath", "leen", "-", "se", "bel", "ius", "-", "statement", "-", "on", "-", "national", "-", "public", "-", "health", "-", "week", ".", "html", " Loading", " Way", "back", " Capture", " Info", "...", " Group", ":", " HHS", " News", " Releases", " Date", ":", " 2013", "\n", "\n", "URL", ":", " https", "://", "www", ".", "h", "hs", ".", "gov", "/", "about", "/", "news", "/", "2013", "/", "04", "/", "02", "/", "h", "hs", "-", "secret", "ary", "-", "k", "ath", "leen", "-", "se", "bel", "ius", "-", "statement", "-", "on", "-", "national", "-", "aut", "ism", "-", "awareness", "-", "month", ".", "html", " Loading", " Way", "back", " Capture", " Info", "...", " Group", ":", " HHS", " News", " Releases", " Date", ":", " 2013", "\n", "\n", "Title", ":", " HHS", " Secretary", " Kathleen", " Se", "bel", "ius", " Statement", " on", " National", " Autism", " Awareness", " Month", " URL", ":", " https", "://", "www", ".", "h", "hs", ".", "gov", "/", "about", "/", "news", "/", "2013", "/", "04", "/", "02", "/", "h", "hs", "-", "secret", "ary", "-", "k", "ath", "leen", "-", "se", "bel", "ius", "-", "statement", "-", "on", "-", "national", "-", "aut", "ism", "-", "awareness", "-", "month", ".", "html", " Description", ":", " Every", " April", " during", " National", " Autism", " Awareness", " Month", ",", " we", " recognize", " the", " special", " challenges", " faced", " by", " those", " living", " with", " Autism", " Spectrum", " Disorders", " (", "AS", "D", ")", " and", " ref", "ocus", " our", " efforts", " on", " the", " best", " ways", " to", " support", " them", " and", " their", " families", ".", " Loading", " Way", "back", " Capture", " Info", "...", " Creator", ":", " HHS", " Assistant", " Secretary", " for", " Public", " Affairs", " (", "AS", "PA", ")", " Date", ":", " 2013", " Group", ":", " HHS", " News", " Releases", " Categories", ":", " Hol", "idays", " and", " Observ", "ances", "\n", "\n", "URL", ":", " https", "://", "www", ".", "h", "hs", ".", "gov", "/", "about", "/", "news", "/", "2013", "/", "04", "/", "02", "/", "h", "hs", "-", "secret", "ary", "-", "k", "ath", "leen", "-", "se", "bel", "ius", "-", "statement", "-", "on", "-", "national", "-", "min", "ority", "-", "health", "-", "month", "-", "sp", "anish", ".", "html", " Loading", " Way", "back", " Capture", " Info", "...", " Group", ":", " HHS", " News", " Releases", " Date", ":", " 2013", "\n", "\n", "Title", ":", " Decl", "ar", "aci", "\u00c3", "\ufffd", "\ufffd", "n", " de", " la", " Secret", "aria", " del", " HHS", ",", " Kathleen", " Se", "bel", "ius", ",", " ac", "erc", "a", " del", " Mes", " N", "ac", "ional", " de", " la", " Sal", "ud", " de", " las", " Minor", "\u00c3", "\u00ad", "as", " URL", ":", " https", "://", "www", ".", "h", "hs", ".", "gov", "/", "about", "/", "news", "/", "2013", "/", "04", "/", "02", "/", "h", "hs", "-", "secret", "ary", "-", "k", "ath", "leen", "-", "se", "bel", "ius", "-", "statement", "-", "on", "-", "national", "-", "min", "ority", "-", "health", "-", "month", "-", "sp", "anish", ".", "html", " Description", ":", " A", "br", "il", " es", " el", " Mes", " N", "ac", "ional", " de", " la", " Sal", "ud", " de", " las", " Minor", "\u00c3", "\u00ad", "as", ",", " un", " moment", "o", " en", " el", " que", " reflex", "ion", "am", "os", " so", "bre", " la", " incre", "\u00c3", "\u00ad", "ble", " o", "port", "un", "idad", " a", " la", " que", " nos", " en", "f", "rent", "am", "os", " com", "o", " n", "aci", "\u00c3", "\ufffd", "\ufffd", "n", " para", " me", "j", "or", "ar", " la", " sal", "ud", " de", " las", " minor", "\u00c3", "\u00ad", "as", ",", " me", "j", "or", "ar", " la", " equ", "idad", " en", " la", " sal", "ud", " y", " elim", "inar", " la", " des", "ig", "ual", "d", "ades", " de", " sal", "ud", ".", " Loading", " Way", "back", " Capture", " Info", "...", " Creator", ":", " HHS", " Assistant", " Secretary", " for", " Public", " Affairs", " (", "AS", "PA", ")", " Date", ":", " 2013", " Group", ":", " HHS", " News", " Releases", " Categories", ":", " Affordable", " Care", " Act", "\n", "\n", "URL", ":", " https", "://", "www", ".", "h", "hs", ".", "gov", "/", "about", "/", "news", "/", "2013", "/", "04", "/", "02", "/", "h", "hs", "-", "secret", "ary", "-", "k", "ath", "leen", "-", "se", "bel", "ius", "-", "statement", "-", "on", "-", "national", "-", "min", "ority", "-", "health", "-", "month", ".", "html", " Loading", " Way", "back", " Capture", " Info", "...", " Group", ":", " HHS", " News", " Releases", " Date", ":", " 2013", "\n", "\n", "Title", ":", " HHS", " Secretary", " Kathleen", " Se", "bel", "ius", " Statement", " on", " National", " Minority", " Health", " Month", " URL", ":", " https", "://", "www", ".", "h", "hs", ".", "gov", "/", "about", "/", "news", "/", "2013", "/", "04", "/", "02", "/", "h", "hs", "-", "secret", "ary", "-", "k", "ath", "leen", "-", "se", "bel", "ius", "-", "statement", "-", "on", "-", "national", "-", "min", "ority", "-", "health", "-", "month", ".", "html", " Description", ":", " April", " is", " National", " Minority", " Health", " Month", ",", " a", " time", " when", " we", " reflect", " on", " the", " incredible", " opportunity", " we", " face", " as", " a", " nation", " to", " improve", " minority", " health", ",", " advance", " health", " equity", ",", " and", " eliminate", " health", " disparities", ".", " Loading", " Way", "back", " Capture", " Info", "...", " Creator", ":", " HHS", " Assistant", " Secretary", " for", " Public", " Affairs", " (", "AS", "PA", ")", " Date", ":", " 2013", " Group", ":", " HHS", " News", " Releases", " Categories", ":", " Affordable", " Care", " Act", "\n", "\n", "URL", ":", " https", "://", "www", ".", "h", "hs", ".", "gov", "/", "about", "/", "news", "/", "2013", "/", "04", "/", "05", "/", "h", "hs", "-", "secret", "ary", "-", "k", "ath", "leen", "-", "se", "bel", "ius", "-", "and", "-", "ass", "istant", "-", "secret", "ary", "-", "for", "-", "global", "-", "aff", "airs", "-", "n", "ils", "-", "d", "aul", "aire", "-", "on", "-", "world", "-", "health", "-", "day", "-", "2013", ".", "html", " Loading", " Way", "back", " Capture", " Info", "...", " Group", ":", " HHS", " News", " Releases", " Date", ":", " 2013", "\n", "\n", "Title", ":", " HHS", " Secretary", " Kathleen", " Se", "bel", "ius", " and", " Assistant", " Secretary", " for", " Global", " Affairs", " N", "ils", " D", "aul", "aire", " on", " World", " Health", " Day", " 2013", " URL", ":", " https", "://", "www", ".", "h", "hs", ".", "gov", "/", "about", "/", "news", "/", "2013", "/", "04", "/", "05", "/", "h", "hs", "-", "secret", "ary", "-", "k", "ath", "leen", "-", "se", "bel", "ius", "-", "and", "-", "ass", "istant", "-", "secret", "ary", "-", "for", "-", "global", "-", "aff", "airs", "-", "n", "ils", "-", "d", "aul", "aire", "-", "on", "-", "world", "-", "health", "-", "day", "-", "2013", ".", "html", " Description", ":", " On", " April", " 7", ",", " 2013", ",", " we", " celebrate", " World", " Health", " Day", " to", " commemorate", " the", " founding", " of", " the", " World", " Health", " Organization", " (", "WHO", "),", " which", " marks", " its", " 65", "th", " anniversary", " this", " year", ".", " To", " celebrate", " WHO", "'s", " anniversary", ",", " we", " focus", " attention", " on", " this", " year", "'s", " World", " Health", " Day", " theme", ":", " high", " blood", " pressure", ",", " a", " significant", " public", " health", " issue", " both", " globally", " and", " domestically", ".", " Loading", " Way", "back", " Capture", " Info", "...", " Creator", ":", " HHS", " Assistant", " Secretary", " for", " Public", " Affairs", " (", "AS", "PA", ")", " Date", ":", " 2013", " Group", ":", " HHS", " News", " Releases", " Categories", ":", " Global", " Health", "\n", "\n", "URL", ":", " https", "://", "www", ".", "h", "hs", ".", "gov", "/", "about", "/", "news", "/", "2013", "/", "04", "/", "15", "/", "h", "hs", "-", "off", "ers", "-", "m", "oms", "-", "knowledge", "-", "help", "-", "and", "-", "support", "-", "through", "-", "a", "-", "new", "-", "bre", "ast", "feeding", "-", "in", "iti", "ative", "-", "its", "-", "only", "-", "natural", ".", "html", " Loading", " Way", "back", " Capture", " Info", "...", " Group", ":", " HHS", " News", " Releases", " Date", ":", " 2013", "\n", "\n", "Title", ":", " HHS", " offers", " moms", " knowledge", ",", " help", ",", " and", " support", " through", " a", " new", " breastfeeding", " initiative", ",", " It", "'s", " Only", " Natural", " URL", ":", " https", "://", "www", ".", "h", "hs", ".", "gov", "/", "about", "/", "news", "/", "2013", "/", "04", "/", "15", "/", "h", "hs", "-", "off", "ers", "-", "m", "oms", "-", "knowledge", "-", "help", "-", "and", "-", "support", "-", "through", "-", "a", "-", "new", "-", "bre", "ast", "feeding", "-", "in", "iti", "ative", "-", "its", "-", "only", "-", "natural", ".", "html", " Description", ":", " Today", ",", " Sur", "geon", " General", " Regina", " M", ".", " Benjamin", ",", " MD", ",", " MBA", " announced", " the", " launch", " of", " It", "'s", " Only", " Natural", ",", " a", " new", " public", " education", " campaign", " that", " aims", " to", " raise", " awareness", " among", " African", " American", " women", " of", " the", " importance", " of", " and", " benefits", " associated", " with", " breastfeeding", " and", " provide", " helpful", " tips", ".", " Loading", " Way", "back", " Capture", " Info", "...", " Creator", ":", " HHS", " Assistant", " Secretary", " for", " Public", " Affairs", " (", "AS", "PA", ")", " Date", ":", " 2013", " Group", ":", " HHS", " News", " Releases", " Categories", ":", " Prevention", " and", " Well", "ness", "\n", "\n", "URL", ":", " https", "://", "www", ".", "h", "hs", ".", "gov", "/", "about", "/", "news", "/", "2013", "/", "04", "/", "18", "/", "health", "-", "it", "-", "work", "group", "-", "to", "-", "disc", "uss", "-", "patient", "-", "safety", "-", "inn", "ovation", "-", "and", "-", "reg", "ulatory", "-", "efficiency", ".", "html", " Loading", " Way", "back", " Capture", " Info", "...", " Group", ":", " HHS", " News", " Releases", " Date", ":", " 2013", "\n", "\n", "URL", ":", " https", "://", "www", ".", "h", "hs", ".", "gov", "/", "about", "/", "news", "/", "2013", "/", "04", "/", "19", "/", "ob", "ama", "-", "administ", "ration", "-", "m", "oves", "-", "to", "-", "remove", "-", "bar", "riers", "-", "to", "-", "fire", "arm", "-", "background", "-", "check", "-", "reporting", ".", "html", " Loading", " Way", "back", " Capture", " Info", "...", " Group", ":", " HHS", " News", " Releases", " Date", ":", " 2013", "\n", "\n", "URL", ":", " https", "://", "www", ".", "h", "hs", ".", "gov", "/", "about", "/", "news", "/", "2013", "/", "04", "/", "22", "/", "h", "hs", "-", "secret", "ary", "-", "k", "ath", "leen", "-", "se", "bel", "ius", "-", "on", "-", "the", "-", "43", "rd", "-", "ann", "iversary", "-", "of", "-", "earth", "-", "day", ".", "html", " Loading", " Way", "back", " Capture", " Info", "...", " Group", ":", " HHS", " News", " Releases", " Date", ":", " 2013", "\n", "\n", "Title", ":", " HHS", " Secretary", " Kathleen", " Se", "bel", "ius", " on", " the", " 43", "rd", " Anniversary", " of", " Earth", " Day", " URL", ":", " https", "://", "www", ".", "h", "hs", ".", "gov", "/", "about", "/", "news", "/", "2013", "/", "04", "/", "22", "/", "h", "hs", "-", "secret", "ary", "-", "k", "ath", "leen", "-", "se", "bel", "ius", "-", "on", "-", "the", "-", "43", "rd", "-", "ann", "iversary", "-", "of", "-", "earth", "-", "day", ".", "html", " Description", ":", " Today", ",", " April", " 22", ",", " 2013", " marks", " the", " 43", "rd", " year", " that", " we", " observe", " Earth", " Day", " in", " the", " United", " States", " \ufffd", "\ufffd", "\u20ac", "\ufffd", "\ufffd", " a", " day", " where", " we", " stop", " and", " appreciate", " Mother", " Nature", "'s", " contributions", " to", " keeping", " us", " healthy", ".", " Loading", " Way", "back", " Capture", " Info", "...", " Creator", ":", " HHS", " Assistant", " Secretary", " for", " Public", " Affairs", " (", "AS", "PA", ")", " Date", ":", " 2013", " Group", ":", " HHS", " News", " Releases", " Categories", ":", " Prevention", " and", " Well", "ness", "\n", "\n", "URL", ":", " https", "://", "www", ".", "h", "hs", ".", "gov", "/", "about", "/", "news", "/", "2013", "/", "04", "/", "24", "/", "h", "hs", "-", "re", "leases", "-", "blue", "print", "-", "to", "-", "ad", "vance", "-", "cult", "urally", "-", "and", "-", "ling", "u", "istically", "-", "appropriate", "-", "services", "-", "in", "-", "health", "-", "and", "-", "health", "-", "care", ".", "html", " Loading", " Way", "back", " Capture", " Info", "...", " Group", ":", " HHS", " News", " Releases", " Date", ":", " 2013", "\n", "\n", "URL", ":", " https", "://", "www", ".", "h", "hs", ".", "gov", "/", "about", "/", "news", "/", "2013", "/", "04", "/", "24", "/", "h", "hs", "-", "would", "-", "incre", "ase", "-", "re", "wards", "-", "for", "-", "reporting", "-", "f", "raud", "-", "to", "-", "n", "early", "-", "10", "-", "million", ".", "html", " Loading", " Way", "back", " Capture", " Info", "...", " Group", ":", " HHS", " News", " Releases", " Date", ":", " 2013", "\n", "\n", "URL", ":", " https", "://", "www", ".", "h", "hs", ".", "gov", "/", "about", "/", "news", "/", "2013", "/", "04", "/", "25", "/", "cert", "ification", "-", "for", "-", "elect", "ronic", "-", "health", "-", "record", "-", "product", "-", "rev", "oked", ".", "html", " Loading", " Way", "back", " Capture", " Info", "...", " Group", ":", " HHS", " News", " Releases", " Date", ":", " 2013", "\n", "\n", "Title", ":", " Certification", " for", " electronic", " health", " record", " product", " revoked", " URL", ":", " https", "://", "www", ".", "h", "hs", ".", "gov", "/", "about", "/", "news", "/", "2013", "/", "04", "/", "25", "/", "cert", "ification", "-", "for", "-", "elect", "ronic", "-", "health", "-", "record", "-", "product", "-", "rev", "oked", ".", "html", " Description", ":", " Two", " electronic", " health", " records", ",", " previously", " certified", " as", " products", " to", " be", " used", " as", " part", " of", " the", " Medicare", " and", " Medicaid", " Electronic", " Health", " Record", " (", "E", "HR", ")", " In", "cent", "ive", " Programs", ",", " have", " had", " their", " cert", "ifications", " revoked", ".", " Far", "z", "ad", " Most", "ash", "ari", ",", " M", ".", "D", ".,", " the", " national", " coordinator", " for", " health", " information", " technology", ",", " announced", " today", " that", " the", " products", " do", " not", " meet", " standards", " and", " providers", " cannot", " use", " these", " products", " to", " meet", " the", " requirements", " of", " the", " Medicare", " and", " Medicaid", " E", "HR", " In", "cent", "ive", " programs", ".", " Loading", " Way", "back", " Capture", " Info", "...", " Creator", ":", " HHS", " Assistant", " Secretary", " for", " Public", " Affairs", " (", "AS", "PA", ")", " Date", ":", " 2013", " Group", ":", " HHS", " News", " Releases", " Categories", ":", " Health", " IT", "\n", "\n", "URL", ":", " https", "://", "www", ".", "h", "hs", ".", "gov", "/", "about", "/", "news", "/", "2013", "/", "04", "/", "26", "/", "h", "hs", "-", "secret", "ary", "-", "se", "bel", "ius", "-", "ann", "ounces", "-", "sen", "ate", "-", "conf", "irmation", "-", "of", "-", "will", "iam", "-", "b", "-", "sch", "ultz", "-", "nom", "ine", "e", "-", "for", "-", "general", "-", "c", "oun", "sel", "-", "dep", "artment", "-", "of", "-", "health", "-", "and", "-", "human", "-", "services", ".", "html", " Loading", " Way", "back", " Capture", " Info", "...", " Group", ":", " HHS", " News", " Releases", " Date", ":", " 2013", "\n", "\n", "URL", ":", " https", "://", "www", ".", "h", "hs", ".", "gov", "/", "about", "/", "news", "/", "2013", "/", "04", "/", "29", "/", "trans", "l", "ating", "-", "ve", "ter", "ans", "-", "medical", "-", "sk", "ills", "-", "into", "-", "n", "urs", "ing", "-", "care", "ers", ".", "html", " Loading", " Way", "back", " Capture", " Info", "...", " Group", ":", " HHS", " News", " Releases", " Date", ":", " 2013", "\n", "\n", "URL", ":", " https", "://", "www", ".", "h", "hs", ".", "gov", "/", "about", "/", "news", "/", "2013", "/", "05", "/", "02", "/", "h", "hs", "-", "secret", "ary", "-", "k", "ath", "leen", "-", "se", "bel", "ius", "-", "on", "-", "mental", "-", "health", "-", "month", ".", "html", " Loading", " Way", "back", " Capture", " Info", "...", " Group", ":", " HHS", " News", " Releases", " Date", ":", " 2013", "\n", "\n", "URL", ":", " https", "://", "www", ".", "h", "hs", ".", "gov", "/", "about", "/", "news", "/", "2013", "/", "05", "/", "03", "/", "h", "hs", "-", "secret", "ary", "-", "k", "ath", "leen", "-", "se", "bel", "ius", "-", "on", "-", "older", "-", "amer", "icans", "-", "month", ".", "html", " Loading", " Way", "back", " Capture", " Info", "...", " Group", ":", " HHS", " News", " Releases", " Date", ":", " 2013", "\n", "\n", "Title", ":", " HHS", " Secretary", " Kathleen", " Se", "bel", "ius", " on", " Older", " Americans", " Month", " URL", ":", " https", "://", "www", ".", "h", "hs", ".", "gov", "/", "about", "/", "news", "/", "2013", "/", "05", "/", "03", "/", "h", "hs", "-", "secret", "ary", "-", "k", "ath", "leen", "-", "se", "bel", "ius", "-", "on", "-", "older", "-", "amer", "icans", "-", "month", ".", "html", " Description", ":", " This", " May", ",", " we", " mark", " the", " 50", "th", " anniversary", " of", " Older", " Americans", " Month", ".", " Ever", " since", " President", " Kennedy", " declared", " the", " first", " celebration", " in", " 1963", ",", " we", " have", " honored", " the", " contributions", " seniors", " make", " to", " our", " communities", " and", " have", " celebrated", " their", " rich", " years", " and", " experiences", ".", " Loading", " Way", "back", " Capture", " Info", "...", " Creator", ":", " HHS", " Assistant", " Secretary", " for", " Public", " Affairs", " (", "AS", "PA", ")", " Date", ":", " 2013", " Group", ":", " HHS", " News", " Releases", " Categories", ":", " Affordable", " Care", " Act", "\n", "\n", "URL", ":", " https", "://", "www", ".", "h", "hs", ".", "gov", "/", "about", "/", "news", "/", "2013", "/", "05", "/", "06", "/", "h", "hs", "-", "secret", "ary", "-", "k", "ath", "leen", "-", "se", "bel", "ius", "-", "on", "-", "national", "-", "f", "oster", "-", "care", "-", "month", ".", "html", " Loading", " Way", "back", " Capture", " Info", "...", " Group", ":", " HHS", " News", " Releases", " Date", ":", " 2013", "\n", "\n", "Title", ":", " HHS", " Secretary", " Kathleen", " Se", "bel", "ius", " on", " National", " Foster", " Care", " Month", " URL", ":", " https", "://", "www", ".", "h", "hs", ".", "gov", "/", "about", "/", "news", "/", "2013", "/", "05", "/", "06", "/", "h", "hs", "-", "secret", "ary", "-", "k", "ath", "leen", "-", "se", "bel", "ius", "-", "on", "-", "national", "-", "f", "oster", "-", "care", "-", "month", ".", "html", " Description", ":", " May", " is", " National", " Foster", " Care", " Month", ",", " a", " time", " to", " recomm", "it", " ourselves", " to", " ensuring", " a", " better", " future", " for", " the", " more", " than", " 400", ",", "000", " children", " in", " foster", " care", " throughout", " our", " nation", ".", " Loading", " Way", "back", " Capture", " Info", "...", " Creator", ":", " HHS", " Assistant", " Secretary", " for", " Public", " Affairs", " (", "AS", "PA", ")", " Date", ":", " 2013", " Group", ":", " HHS", " News", " Releases", " Categories", ":", " Health", " Care", "\n", "\n", "URL", ":", " https", "://", "www", ".", "h", "hs", ".", "gov", "/", "about", "/", "news", "/", "2013", "/", "05", "/", "06", "/", "h", "hs", "-", "secret", "ary", "-", "k", "ath", "leen", "-", "se", "bel", "ius", "-", "on", "-", "national", "-", "n", "urses", "-", "week", ".", "html", " Loading", " Way", "back", " Capture", " Info", "...", " Group", ":", " HHS", " News", " Releases", " Date", ":", " 2013", "\n", "\n", "Title", ":", " HHS", " Secretary", " Kathleen", " Se", "bel", "ius", " on", " National", " Nurs", "es", " Week", " URL", ":", " https", "://", "www", ".", "h", "hs", ".", "gov", "/", "about", "/", "news", "/", "2013", "/", "05", "/", "06", "/", "h", "hs", "-", "secret", "ary", "-", "k", "ath", "leen", "-", "se", "bel", "ius", "-", "on", "-", "national", "-", "n", "urses", "-", "week", ".", "html", " Description", ":", " National", " Nurs", "es", " Week", " gives", " us", " a", " chance", " to", " recognize", " the", " contribution", " of", " the", " health", " care", " providers", " at", " the", " heart", " of", " our", " health", " care", " system", ".", " Loading", " Way", "back", " Capture", " Info", "...", " Creator", ":", " HHS", " Assistant", " Secretary", " for", " Public", " Affairs", " (", "AS", "PA", ")", " Date", ":", " 2013", " Group", ":", " HHS", " News", " Releases", " Categories", ":", " Affordable", " Care", " Act", "\n", "\n", "URL", ":", " https", "://", "www", ".", "h", "hs", ".", "gov", "/", "about", "/", "news", "/", "2013", "/", "05", "/", "07", "/", "h", "hs", "-", "secret", "ary", "-", "k", "ath", "leen", "-", "se", "bel", "ius", "-", "on", "-", "national", "-", "as", "th", "ma", "-", "awareness", "-", "month", ".", "html", " Loading", " Way", "back", " Capture", " Info", "...", " Group", ":", " HHS", " News", " Releases", " Date", ":", " 2013", "\n", "\n", "Title", ":", " HHS", " Secretary", " Kathleen", " Se", "bel", "ius", " on", " National", " Ast", "hma", " Awareness", " Month", " URL", ":", " https", "://", "www", ".", "h", "hs", ".", "gov", "/", "about", "/", "news", "/", "2013", "/", "05", "/", "07", "/", "h", "hs", "-", "secret", "ary", "-", "k", "ath", "leen", "-", "se", "bel", "ius", "-", "on", "-", "national", "-", "as", "th", "ma", "-", "awareness", "-", "month", ".", "html", " Description", ":", " May", " is", " National", " Ast", "hma", " Awareness", " Month", ",", " a", " time", " for", " us", " to", " renew", " our", " dedication", " to", " improving", " health", " outcomes", " for", " the", " 26", " million", " Americans", " living", " with", " asthma", ",", " including", " 7", ".", "1", " million", " children", ".", " It", " is", " also", " a", " time", " to", " call", " attention", " to", " where", " we", " can", " and", " must", " do", " more", ".", " Loading", " Way", "back", " Capture", " Info", "...", " Creator", ":", " HHS", " Assistant", " Secretary", " for", " Public", " Affairs", " (", "AS", "PA", ")", " Date", ":", " 2013", " Group", ":", " HHS", " News", " Releases", " Categories", ":", " Affordable", " Care", " Act", "\n", "\n", "URL", ":", " https", "://", "www", ".", "h", "hs", ".", "gov", "/", "about", "/", "news", "/", "2013", "/", "05", "/", "08", "/", "administ", "ration", "-", "off", "ers", "-", "cons", "umers", "-", "un", "pre", "cedented", "-", "look", "-", "hospital", "-", "charges", ".", "html", " Loading", " Way", "back", " Capture", " Info", "...", " Group", ":", " HHS", " News", " Releases", " Date", ":", " 2013", "\n", "\n", "URL", ":", " https", "://", "www", ".", "h", "hs", ".", "gov", "/", "about", "/", "news", "/", "2013", "/", "05", "/", "09", "/", "health", "-", "cent", "ers", "-", "to", "-", "help", "-", "un", "insured", "-", "individual", "s", "-", "gain", "-", "aff", "ordable", "-", "health", "-", "ins", "urance", "-", "co", "verage", ".", "html", " Loading", " Way", "back", " Capture", " Info", "...", " Group", ":", " HHS", " News", " Releases", " Date", ":", " 2013", "\n", "\n", "URL", ":", " https", "://", "www", ".", "h", "hs", ".", "gov", "/", "about", "/", "news", "/", "2013", "/", "05", "/", "10", "/", "h", "hs", "-", "secret", "ary", "-", "k", "ath", "leen", "-", "se", "bel", "ius", "-", "on", "-", "national", "-", "w", "ome", "on", "-", "s", "-", "health", "-", "week", ".", "html", " Loading", " Way", "back", " Capture", " Info", "...", " Group", ":", " HHS", " News", " Releases", " Date", ":", " 2013", "\n", "\n", "URL", ":", " https", "://", "www", ".", "h", "hs", ".", "gov", "/", "about", "/", "news", "/", "2013", "/", "05", "/", "14", "/", "med", "ic", "are", "-", "f", "raud", "-", "strike", "-", "force", "-", "charges", "-", "89", "-", "individual", "s", "-", "for", "-", "approximately", "-", "223", "-", "million", "-", "in", "-", "false", "-", "b", "illing", ".", "html", " Loading", " Way", "back", " Capture", " Info", "...", " Group", ":", " HHS", " News", " Releases", " Date", ":", " 2013"]