["Pin", " Reddit", " Y", "um", " Flip", " 357", " Shares", "\n", "\n", "S", "oph", "istic", "ated", ",", " sm", "oky", ",", " creamy", ",", " and", " absolutely", " y", "ummy", ",", " this", " ket", "o", " 5", "-", "ing", "red", "ient", " salmon", " cream", " cheese", " dip", " is", " a", " crowd", " ple", "aser", ".", " Spend", " just", " $", "5", " and", " have", " it", " taste", " like", " you", " spent", " about", " 4", " times", " that", " much", "!", "\n", "\n", "C", "razy", " Good", " Salmon", " Cream", " Cheese", " Dip", "\n", "\n", "I", " first", " made", " this", " salmon", " cream", " cheese", " dip", " recipe", " over", " 20", "+", " years", " ago", "!", " I", " had", " forgotten", " about", " it", " for", " years", " and", " decided", " to", " make", " it", " again", ",", " and", " I", " am", " really", " glad", " I", " did", ".", " It", " tastes", " even", " better", " than", " I", " remember", ",", " and", " I", " now", " realize", " why", " so", " many", " people", " asked", " me", " for", " the", " recipe", "!", "\n", "\n", "This", " recipe", " calls", " for", " using", " canned", " salmon", ",", " but", " you", " can", " also", " use", " the", " leftover", " salmon", " from", " making", " my", " delicious", " Pressure", " Cook", "er", " Salmon", " with", " Orange", " Ginger", " Sauce", ".", " It", "\ufffd", "\ufffd", "s", " a", " great", " way", " to", " rep", "ur", "pose", " your", " left", "overs", " and", " create", " multiple", " dishes", " with", " the", " same", " salmon", ".", "\n", "\n", "HOW", " TO", " MAKE", " SAL", "MON", " CRE", "AM", " CH", "E", "ESE", " D", "IP", "\n", "\n", "This", " recipe", " is", " super", " simple", " and", " is", " great", " when", " you", " need", " a", " quick", ",", " delicious", ",", " and", " healthy", " dip", " to", " take", " to", " a", " party", ".", " The", " dip", " tastes", " smoked", " due", " to", " the", " liquid", " smoke", ",", " so", " you", " can", " use", " any", " kind", " of", " salmon", " to", " make", " this", " recipe", ".", "\n", "\n", "I", " am", " always", " skeptical", " about", " recipes", " with", " canned", " products", ",", " but", " canned", " salmon", " is", " cheap", ",", " nutritious", ",", " and", " most", " importantly", " tastes", " good", ".", " It", "\ufffd", "\ufffd", "s", " also", " a", " ket", "o", " recipe", " with", " cuc", "umbers", ",", " peppers", ",", " and", " more", " so", " you", " won", "\ufffd", "\ufffd", "t", " break", " your", " diet", " by", " eating", " this", " dip", ".", "\n", "\n", "Lastly", ",", " I", " do", " recommend", " letting", " the", " dip", " sit", " after", " its", " made", " so", " that", " the", " flavors", " me", "ld", " together", ".", "\n", "\n", "E", "QU", "IP", "MENT", " YOU", " MAY", " NEED", " TO", " MAKE", " THIS", " CRA", "Z", "Y", " GOOD", " SAL", "MON", " CRE", "AM", " CH", "E", "ESE", " D", "IP", ":", "\n", "\n", "\u2605", " DID", " YOU", " MAKE", " THIS", " CRA", "Z", "Y", " GOOD", " SAL", "MON", " CRE", "AM", " CH", "E", "ESE", " D", "IP", "\n", "\n", "?", " DON", "\ufffd", "\ufffd", "T", " FOR", "GET", " TO", " G", "IVE", " IT", " A", " STAR", " R", "ATING", " BELOW", "!", " JUST", " CLICK", " ON", " THE", " STAR", "S", " TO", " R", "ATE", ".", "\n", "\n", "4", " from", " 21", " votes", " Print", " Crazy", " Good", " Salmon", " Cream", " Cheese", " Dip", " Prep", " Time", " 10", " mins", " Total", " Time", " 10", " mins", " Soph", "istic", "ated", ",", " sm", "oky", ",", " creamy", ",", " and", " absolutely", " y", "ummy", ",", " this", " ket", "o", " 5", "-", "ing", "red", "ient", " salmon", " cream", " cheese", " dip", " is", " a", " crowd", " ple", "aser", ".", " Spend", " just", " $", "5", " and", " have", " it", " taste", " like", " you", " spent", " about", " 4", " times", " that", " much", "!", " Course", ":", " App", "et", "izer", ",", " Main", " Course", " Cu", "isine", ":", " American", " Dietary", " Consider", "ation", ":", " Gl", "uten", "-", "Free", ",", " High", " Fat", ",", " High", " Protein", ",", " K", "eto", ",", " Low", " Carb", ",", " Low", " Sugar", " Cooking", " Style", ":", " No", " Cook", " E", "ase", " of", " Cooking", ":", " Less", " than", " 5", " ingredients", ",", " No", " Cook", ",", " Under", " 30", " M", "ins", " Recipe", " Type", ":", " Full", " Liqu", "ids", "/", "Soft", " Foods", ",", " Seaf", "ood", ",", " Sp", "ices", " &", " Sau", "ces", " Serv", "ings", " :", " 16", " tablespoons", " Calories", " :", " 79", " kcal", " Ingredients", " 6", " ounces", " canned", " salmon", " skin", "less", ",", " bon", "eless", "\n", "\n", "8", " ounces", " cream", " cheese", "\n", "\n", "1", " tablespoon", " Liquid", " smoke", "\n", "\n", "1", "/", "4", " cup", " chopped", " green", " onions", "\n", "\n", "1", "/", "3", " cup", " chopped", " pe", "c", "ans", " or", " wal", "nuts", "\n", "\n", "1", " teaspoon", " Salt", " less", " if", " salmon", " is", " sal", "ted", ")", "\n", "\n", "1", "-", "2", " teaspoons", " ground", " Pepper", " For", " Fin", "ishing", " 1", " teaspoon", " Pap", "rika", " for", " garn", "ish", " US", " Custom", "ary", " -", " Met", "ric", " Instructions", " Bring", " cream", " cheese", " to", " room", " temperature", " and", " mash", " with", " the", " back", " of", " a", " fork", " to", " soften", ".", " G", "ently", " mix", " in", " all", " the", " remaining", " ingredients", ".", " Allow", " dip", " to", " rest", " for", " 30", " minutes", " at", " room", " temperature", " and", " mix", " once", " again", ".", " Garn", "ish", " with", " pap", "rika", " for", " a", " burst", " of", " color", " before", " serving", ".", " Recipe", " Notes", " This", " makes", " about", " 2", " cups", " or", " 16", " tablespoons", ".", " I", "'ve", " used", " 1", "/", "8", "th", " of", " the", " recipe", " to", " calculate", " nutrition", " facts", ".", " Other", " variations", ":", " Use", " leftover", " cooked", " salmon", "\n", "\n", "Add", " hot", " sauce", "\n", "\n", "Add", " Wor", "ces", "ters", "hire", " sauce", "\n", "\n", "Sub", "st", "itute", " other", " nuts", " for", " pe", "c", "ans", "\n", "\n", "Mix", " in", " lemon", " juice", " for", " a", " z", "ing", "\n", "\n", "Use", " sour", " cream", " instead", " of", " cream", " cheese", "\n", "\n", "Add", " curry", " powder", " for", " a", " different", " flavor", "\n", "\n", "Add", " chopped", " d", "ill", " and", " cap", "ers", " Nutrition", " facts", " per", " serving", " 79", "k", "cal", " |", " Fat", ":", " 7", "g", " |", " S", "aturated", " fat", ":", " 2", "g", " |", " Carb", "ohyd", "rates", ":", " 1", "g", " |", " Protein", ":", " 3", "g", " 79", "k", "cal", " |", " Fat", ":", " 7", "g", " |", " S", "aturated", " fat", ":", " 2", "g", " |", " Carb", "ohyd", "rates", ":", " 1", "g", " |", " Protein", ":", " 3", "g", " I", " am", " not", " a", " registered", " diet", "ician", " or", " nutrition", "ist", ".", " Nut", "ritional", " information", " is", " provided", " a", " courtesy", ",", " and", " can", " vary", " depending", " on", " the", " exact", " ingredients", " you", " use", "."]