["1", ".", " Jessica", " Rivera", " Writer", "/", " Producer", " @", "Step", "han", "M", "occ", "io", " w", "/", " #", "UM", "PG", " creative", " executives", " Jessica", " Rivera", " and", " Donna", " Case", "ine", " at", " #", "asc", "app", "op", " awards", "!", " pic", ".", "twitter", ".", "com", "/", "n", "D", "2", "P", "0", "k", "Ob", "N", "v", " \u2014", " Universal", " Music", " Publishing", " Group", " (@", "UM", "PG", ")", " April", " 30", ",", " 2015", " Source", ":", "Twitter", " \ufffd", "\ufffd", "Jessica", " Rivera", ",", " man", "\u2026.", " [", "Jessica", ":", " \ufffd", "\ufffd", "Man", ",", " you", " n", "*", "gg", "as", " is", " stupid", " if", " y", "\ufffd", "\ufffd", "all", " don", "\ufffd", "\ufffd", "t", " sign", " Kanye", ",", " for", "real", ".", "\ufffd", "\ufffd", "]", " \u2013", " Kanye", " West", " In", " the", " beginning", " of", " Kanye", "\ufffd", "\ufffd", "s", " career", ",", " Jessica", " Rivera", " was", " an", " A", "&", "R", " at", " Def", " Jam", ".", " Today", ",", " she", "\ufffd", "\ufffd", "s", " the", " Senior", " Vice", " President", "/", "Co", "-", "Head", " of", " East", " Coast", " Operations", " at", " Universal", " Music", " Publishing", " Group", ".", "\n", "\n", "2", ".", " Joe", " \ufffd", "\ufffd", "3", "H", "\ufffd", "\ufffd", " Wein", "berger", " View", " this", " post", " on", " Instagram", " Throw", " back", " -", " working", " on", " TL", "OP", " at", " kW", " house", " -", " photo", " by", " @", "ib", "n", "jas", "per", " 2014", " A", " post", " shared", " by", " Joey", " Wein", "berger", " /", " 3", "H", " (@", "j", "oe", "j", "oe", "3", "h", ")", " on", " Nov", " 29", ",", " 2018", " at", " 9", ":", "28", "am", " PST", " Source", ":", "Inst", "agram", " \ufffd", "\ufffd", "The", " n", "*", "gg", "a", " that", " was", " behind", " me", ",", " I", " mean", ",", " he", " wasn", "\ufffd", "\ufffd", "t", " even", " a", " n", "*", "gg", "a", ",", " you", " know", "?", " The", " person", " who", " actually", " kicked", " everything", " off", " was", " Joe", " 3", "H", " from", " Capitol", " Records", ".", " He", " wanted", " to", " sign", " me", " really", " bad", ".", "\ufffd", "\ufffd", " \u2013", " Kanye", " West", " During", " the", " rise", " of", " Kanye", "\ufffd", "\ufffd", "s", " career", ",", " 3", "H", " was", " the", " A", "&", "R", " from", " Capitol", " Records", " who", " was", " going", " sign", " Kanye", " to", " a", " major", " deal", ".", " Today", ",", " 3", "H", " manages", " artists", " including", " rapper", " Sammy", " Adams", ".", "\n", "\n", "3", ".", " Der", "ic", " \ufffd", "\ufffd", "D", ".", "D", "ot", "\ufffd", "\ufffd", " Ange", "lett", "ie", " View", " this", " post", " on", " Instagram", " Ex", "erc", "ised", " my", " right", " to", " vote", " and", " made", " it", " count", "!", " #", "We", "The", "People", " A", " post", " shared", " by", " Papa", " (@", "dd", "ot", "ange", "lett", "ie", ")", " on", " Nov", " 6", ",", " 2018", " at", " 7", ":", "53", "am", " PST", " Source", ":", "Inst", "agram", " \ufffd", "\ufffd", "I", " was", " mess", "in", " with", ",", " uh", ",", " D", "-", "D", "ot", " also", ".", " People", " were", " like", " this", ",", " started", " talking", " about", " the", " ghost", " production", ".", " But", " that", "\ufffd", "\ufffd", "s", " how", " I", " got", " in", " the", " game", ".", " If", " it", " wasn", "\ufffd", "\ufffd", "t", " for", " that", ",", " I", " wouldn", "\ufffd", "\ufffd", "t", " be", " here", ".", "\ufffd", "\ufffd", " \u2013", " Kanye", " West", " Back", " in", " the", " early", " 2000", "s", ",", " D", ".", "D", "ot", " was", " a", " producer", " and", " entrepreneur", " who", " ment", "ored", " Kanye", ".", " Today", ",", " he", "\ufffd", "\ufffd", "s", " a", " cons", "igl", "iere", " of", " his", " own", " company", ",", " Connect", " The", " D", "ots", ",", " LLC", ",", " and", " advises", " major", " corporations", ",", " entertainment", " companies", ",", " and", " artists", ".", "\n", "\n", "5", ".", " Jay", " Z", " Source", ":", "Getty", " \ufffd", "\ufffd", "I", " got", " to", " meet", " Jay", "-", "Z", " and", " he", " said", ",", " \ufffd", "\ufffd", "Oh", " you", " a", " real", " soul", "ful", " dude", "\ufffd", "\ufffd", ".", "\ufffd", "\ufffd", "-", " Kanye", " West", " Well", "\u2026", "where", " do", " we", " start", "?", " Since", " Kanye", "\ufffd", "\ufffd", "s", " \ufffd", "\ufffd", "College", " Drop", "out", "\ufffd", "\ufffd", " Jay", " has", " released", " 4", " solo", " albums", ",", " one", " album", " with", " Kanye", ",", " nab", "bed", " 16", " Gram", "mys", ",", " married", " Beyon", "ce", ",", " founded", " Roc", " Nation", " &", " Roc", " Nation", " Sports", ",", " wrote", " a", " book", ",", " bought", " into", " &", " then", " sold", " his", " share", " of", " the", " Brooklyn", " Nets", ",", " and", " he", "\ufffd", "\ufffd", "s", " currently", " on", " his", " \ufffd", "\ufffd", "Mag", "na", " Carter", " Holy", " Grail", "\ufffd", "\ufffd", " tour", ".", "\n", "\n", "6", ".", " Dame", " Dash", " Source", ":", "Getty", " \ufffd", "\ufffd", "I", " seen", " Dame", ".", " Dame", " didn", "\ufffd", "\ufffd", "t", " know", " who", " I", " was", " and", " I", " was", " like", "\n", "\n", "\ufffd", "\ufffd", "yo", " what", "\ufffd", "\ufffd", "s", " up", " I", "\ufffd", "\ufffd", "m", " Kanye", ".", "\ufffd", "\ufffd", " Dame", ":", " \ufffd", "\ufffd", "Yo", ",", " you", " that", " kid", ",", " Kanye", "?", " You", " that", " kid", " that", " gave", " all", " them", " beats", " to", " Jay", "?", "\ufffd", "\ufffd", " Roc", "-", "A", "-", "f", "ella", " Records", " founder", " Dame", " Dash", " is", " a", " man", " of", " many", " talents", " and", " businesses", ".", " Despite", " his", " financial", " troubles", ",", " Dame", " is", " helping", " Jim", " Jones", " with", " his", " V", "amp", " Life", " clothing", " line", ",", " working", " on", " a", " new", " Whis", "key", " brand", ",", " D", "us", "ko", ",", " and", " opened", " an", " art", " gallery", " in", " Manhattan", "\ufffd", "\ufffd", "s", " L", "ES", ".", "\n", "\n", "7", ".", " Tal", "ib", " Kw", "eli", " Source", ":", "Getty", " \ufffd", "\ufffd", "My", " relationship", " with", " Kw", "eli", " I", " think", " was", " one", " of", " the", " best", " ones", " to", " ever", " happen", " to", " my", " career", " as", " a", " rapper", ".", " Because", ",", " you", " know", ",", " of", " course", " later", " he", " allowed", " me", " to", " go", " on", " tour", " with", " him", ".", " Man", ",", " I", " appre", "\u2013", " I", " love", " him", " for", " that", ".", "\ufffd", "\ufffd", " \u2013", " Kanye", " West", " Over", " the", " years", ",", " Tal", "ib", "\ufffd", "\ufffd", "s", " career", " has", " flourished", ".", " He", " recently", " released", " two", " albums", ",", " \ufffd", "\ufffd", "Pr", "ison", "er", " of", " Conscious", "\ufffd", "\ufffd", " and", " \ufffd", "\ufffd", "G", "rav", "itas", ".", "\ufffd", "\ufffd", " You", " can", " catch", " Kw", "eli", " on", " tour", ".", "\n", "\n", "9", ".", " Young", " Guru", " View", " this", " post", " on", " Instagram", " I", " mean", " it", " is", " Gram", "mys", "!", " 10", " nominations", ",", " what", " a", " year", ".", " A", " post", " shared", " by", " @", " young", "g", "uru", "763", " on", " Jan", " 27", ",", " 2018", " at", " 6", ":", "16", "pm", " PST", " Source", ":", "Inst", "agram", " I", " wanted", " to", " play", " some", " songs", "\u2026", "Young", " Guru", ",", " and", " Dame", " was", " in", " the", " room", ".", " So", " I", " played", "\u2026", "actually", " it", "\ufffd", "\ufffd", "s", " a", " song", " that", " you", "\ufffd", "\ufffd", "ll", " never", " hear", ",", " but", " maybe", " I", " might", " use", " it", ".", " So", ",", " it", "\ufffd", "\ufffd", "s", " called", " \ufffd", "\ufffd", "Wow", ".'", "\ufffd", "\ufffd", " \u2013", " Kanye", " Young", " Guru", " is", " the", " legendary", " sound", " engineer", " responsible", " for", " mixing", " and", " mastering", " Jay", " Z", "\ufffd", "\ufffd", "s", " records", ".", " Today", ",", " Guru", " continues", " his", " duties", " as", " an", " engineer", " while", " speaking", " on", " the", " importance", " of", " engineering", " creatively", " at", " colleges", " across", " the", " nation", "\n", "\n", "10", ".", " John", " M", "ene", "illy", " Source", ":", "Getty", " \ufffd", "\ufffd", "H", "ip", " Hop", " was", " there", ",", " I", " think", " Ty", "-", "Ty", ",", " John", " M", "ene", "illy", ",", " a", " bunch", " of", " people", ".", " I", " didn", "\ufffd", "\ufffd", "t", " know", " all", " these", " people", " at", " the", " time", " they", " was", " in", " the", " room", ".", "\ufffd", "\ufffd", " \u2013", " Kanye", " West", " John", " M", "ene", "illy", " was", " once", " the", " financial", " chief", " of", " Roc", "-", "a", "-", "f", "ella", " Records", " (", "before", " Dame", " Dash", " fired", " him", ").", " Today", ",", " John", " is", " Jay", " Z", "\ufffd", "\ufffd", "s", " business", " manager", ",", " as", " well", " as", " an", " financial", " cons", "igl", "iere", ".", "\n", "\n", "11", ".", " Dave", " Light", "y", " Source", ":", "Getty", " \ufffd", "\ufffd", "Dave", " Light", "y", " f", "*", "ck", "ed", " with", " me", ".", "\ufffd", "\ufffd", " \u2013", " Kanye", " West", " In", " the", " mid", " to", " late", " \ufffd", "\ufffd", "90", "s", ",", " Dave", " Light", "y", " (", "brother", " of", " the", " late", " great", " Chris", " Light", "y", ")", " was", " the", " Manager", " of", " A", "&", "R", " at", " Def", " Jam", ".", " By", " the", " late", " \ufffd", "\ufffd", "90", "s", ",", " Dave", " moved", " to", " J", "ive", " Records", " to", " become", " the", " Sr", ".", " Director", " of", " A", "&", "R", ",", " where", " he", " held", " that", " position", " for", " over", " a", " decade", ".", " Today", ",", " he", "\ufffd", "\ufffd", "s", " a", " consultant", " at", " Od", "light", " LLC", ",", " a", " brand", " strategies", " company", ".", "\n", "\n", "12", ".", " L", "enny", " S", ".", " (", "S", "anti", "ago", ")", " Source", ":", "Getty", " \ufffd", "\ufffd", "The", " day", " I", " did", " the", " \ufffd", "\ufffd", "Can", "\ufffd", "\ufffd", "t", " be", " Life", "\ufffd", "\ufffd", " beat", " on", " track", ",", " I", " remember", " L", "enny", " S", ",", " he", " had", " some", " Louis", " Vu", "itton", " sneakers", " on", ".", " He", " think", " he", " fly", ".", "\ufffd", "\ufffd", " \u2013", " Kanye", " West", " L", "enny", " S", ".", " started", " his", " career", " off", " in", " promotions", " at", " Bad", " Boy", " Records", ",", " before", " taking", " an", " A", "&", "R", " position", " in", " the", " early", " days", " of", " Roc", "-", "a", "-", "f", "ella", " Records", ".", " Today", ",", " he", "\ufffd", "\ufffd", "s", " the", " S", "VP", " of", " A", "&", "R", " at", " Roc", " Nation", ".", " He", "\ufffd", "\ufffd", "s", " the", " man", " behind", " Kod", "ak", "Lens", "\ufffd", "\ufffd", " Instagram", ",", " taking", " photos", " of", " tons", " of", " cele", "bs", ".", "\n", "\n", "13", ".", " No", " I", ".", "D", ".", " Source", ":", "Getty", " \ufffd", "\ufffd", "And", " No", " ID", " told", " him", ",", " \ufffd", "\ufffd", "Look", " man", ",", " you", " wanna", " mess", " with", " Kanye", ".", "\n", "\n", "You", " need", " to", " tell", " him", " that", " you", " like", " the", " way", " he", " rap", "\ufffd", "\ufffd", ".", "\ufffd", "\ufffd", " \u2013", " Kanye", " West", " No", " I", ".", "D", ".", " is", " Kanye", " West", "\ufffd", "\ufffd", "s", " longstanding", " mentor", " and", " legendary", " record", " producer", ".", " Today", ",", " No", " I", ".", "D", ".", " is", " still", " producing", " classic", " records", " for", " various", " artists", " while", " serving", " in", " the", " position", " of", " Executive", " VP", " at", " Def", " Jam", ".", "\n", "\n", "14", ".", " Just", " Blaze", " Source", ":", "Getty", " \ufffd", "\ufffd", "And", " I", "\ufffd", "\ufffd", "m", " thinking", " he", "\ufffd", "\ufffd", "s", " trying", " to", " get", " into", " managing", " producers", ".", " Cause", " he", " had", " this", " other", " kid", " named", " Just", " Blaze", " he", " was", " mess", "in", " with", ",", " and", " um", ",", " he", " was", " friends", " with", " my", " mentor", ",", " No", " ID", ".", "\ufffd", "\ufffd", " Just", " Blaze", " continues", " to", " produce", " hit", " records", " for", " various", " artists", ",", " and", " he", " still", " produces", " records", " for", " Jay", " Z", ".", " Fans", " of", " the", " hit", "-", "maker", " can", " catch", " him", " on", " tour", " DJ", "ing", " at", " various", " venues", " across", " the", " country", ".", "\n", "\n", "15", ".", " Bean", "ie", " Sig", "el", " Source", ":", "Getty", " \ufffd", "\ufffd", "The", " first", " beat", " I", " made", " was", ",", " uh", ",", " \ufffd", "\ufffd", "Heart", " of", " the", " City", ".", "\ufffd", "\ufffd", " Beans", " was", " still", " working", " on", " his", " album", " at", " that", " time", "\u2026", "It", " was", " Beans", "\ufffd", "\ufffd", " birthday", ",", " matter", " of", " fact", ",", " &", " I", " played", " like", " seven", " beats", ".", "\ufffd", "\ufffd", " \u2013", " Kanye", " Bean", "ie", "\ufffd", "\ufffd", "s", " been", " through", " many", " trials", " and", " trib", "ulations", " since", " the", " days", " of", " the", " Roc", ".", " Besides", " falling", " out", " with", " Jay", ",", " Beans", " has", " had", " various", " legal", " issues", ".", " Today", ",", " he", "\ufffd", "\ufffd", "s", " serving", " 6", "-", "23", " months", " for", " drug", " possession", " &", " 2", " years", " for", " tax", " evasion", "."]