["In", " 2014", ",", " former", " T", "aito", " graphic", " designer", " A", "ts", "ushi", " Iw", "ata", " posted", " a", " picture", " of", " the", " device", " he", " used", " to", " create", " pixel", " graphics", ".", " This", " custom", " joystick", " was", " connected", " to", " a", " X", "68", "000", ",", " a", " computer", " which", " was", " used", " as", " a", " work", "station", " by", " many", " Japanese", " video", " game", " companies", " until", " the", " mid", "-", "90", "s", " (", "although", " companies", " such", " as", " Sega", " and", " West", "one", " used", " a", " PC", "-", "98", " to", " develop", " some", ",", " if", " not", " all", ",", " of", " their", " games", " during", " this", " era", ").", "\n", "\n", "There", " is", " one", " button", " per", " function", " hence", " the", " 20", " buttons", " featured", " on", " the", " control", " panel", ".", " The", " software", " used", " by", " T", "aito", " was", " called", " T", "aito", " Anim", "ator", ".", "\n\n", "\n", "\n", "While", " it", " seems", " odd", " to", " use", " such", " a", " device", ",", " it", " wasn", "\ufffd", "\ufffd", "t", " that", " uncommon", ".", " Hay", "ato", " Tak", "ano", " (", "past", " works", " unknown", ")", " recently", " posted", " a", " picture", " of", " a", " similar", " device", " and", " added", " that", " some", " developers", " were", " still", " using", " the", " X", "68", "000", " version", " of", " this", " device", " until", " 1998", " (", "Windows", " 95", " pretty", " much", " became", " the", " standard", " OS", " in", " the", " late", " 90", "s", " and", " Japan", " was", " no", " exception", ").", "\n", "\n", "A", " Windows", " compatible", " version", " was", " made", " as", " well", " as", " a", " PC", "-", "98", " version", ".", "\n\n", "\n", "\n", "A", " few", " years", " ago", ",", " Spoon", ",", " a", " member", " of", " The", " Mad", "man", "\ufffd", "\ufffd", "s", " Cafe", ",", " posted", " a", " message", " in", " which", " he", " recounted", " a", " story", " one", " of", " his", " co", "-", "worker", " told", " him", ":", "\n", "\n", "\ufffd", "\ufffd", "The", " sprite", " editor", " used", " by", " artists", " for", " a", " number", " of", " SN", "K", " fighting", " games", " (", "Art", " Box", ")", " was", " written", " for", " the", " Neo", "-", "Ge", "o", ",", " and", " uses", " the", " Neo", "-", "Ge", "o", " as", " the", " interface", ".", " As", " in", ",", " you", " would", " use", " the", " joystick", " and", " the", " buttons", " to", " draw", " the", " sprite", ".", " He", " didn", "\ufffd", "\ufffd", "t", " believe", " this", " when", " he", " started", " there", ",", " until", " one", " of", " the", " higher", " ups", " showed", " him", " by", " firing", " up", " one", " of", " the", " machines", " and", " drawing", " a", " kick", "ass", " sprite", " of", " Robert", " Garcia", " in", " like", " 10", " minutes", "\ufffd", "\ufffd", ".", "\n", "\n", "I", " don", "\ufffd", "\ufffd", "t", " know", " why", " some", " companies", " decided", " to", " use", " a", " joystick", " to", " draw", ".", " It", " was", " probably", " faster", " than", " a", " mouse", " and", " less", " costly", " than", " a", " digital", " pen", ",", " but", ",", " as", " you", " may", " guess", ",", " it", " was", " pretty", " noisy", ".", "\n\n", "\n\n", "\n", "\n", "On", " a", " related", " note", ",", " another", " developer", " (", "Tony", "a", "_", "Plan", ")", " posted", " a", " picture", " of", " a", " keyboard", " used", " to", " create", " graphics", " (", "circ", "a", " 1992", ").", "\n\n", "\n", "\n", "Sources", ":", "\n", "\n", "https", "://", "twitter", ".", "com", "/", "Tony", "a", "_", "Plan", "/", "status", "/", "758", "257", "142", "109", "39", "28", "97", "\n", "\n", "http", "://", "www", ".", "mm", "c", "afe", ".", "com", "/", "cgi", "-", "bin", "/", "forums", "/", "b", "bs", "/", "mess", "ages", "/", "135", "19", ".", "sh", "tml", "#", "70", "395", "\n", "\n", "https", "://", "twitter", ".", "com", "/", "g", "ant", "an", "/", "status", "/", "44", "94", "378", "66", "40", "63", "30", "368", "\n", "\n", "https", "://", "twitter", ".", "com", "/", "T", "ak", "ano", "_", "Hay", "ato", "/", "status", "/", "8", "59", "22", "69", "48", "240", "68", "300", "8", "\n", "\n", "https", "://", "twitter", ".", "com", "/", "T", "ak", "ano", "_", "Hay", "ato", "/", "status", "/", "8", "59", "300", "26", "24", "559", "18", "592", "\n", "\n", "https", "://", "twitter", ".", "com", "/", "T", "ak", "ano", "_", "Hay", "ato", "/", "status", "/", "8", "59", "229", "32", "30", "557", "10", "209", "\n", "\n", "https", "://", "twitter", ".", "com", "/", "s", "ir", "ap", "_", "461", "/", "status", "/", "8", "65", "787", "14", "165", "305", "34", "40", "\n", "\n", "https", "://", "twitter", ".", "com", "/", "Zero", "chan", "/", "status", "/", "8", "59", "301", "646", "75", "649", "12", "64", "\n", "\n", "https", "://", "twitter", ".", "com", "/", "m", "uty", "as", "ense", "i", "/", "status", "/", "44", "97", "30", "50", "76", "39", "508", "993", "\n", "\n", "http", "://", "www", ".", "ne", "og", "af", ".", "com", "/", "forum", "/", "show", "post", ".", "php", "?", "p", "=", "208", "10", "55", "84", "&", "post", "count", "=", "136", "\n\n"]