["Saudi", " police", " announced", " on", " Tuesday", " that", " they", " had", " arrested", " a", " 14", "-", "year", "-", "old", " boy", " who", " appeared", " in", " a", " viral", " video", " dancing", " on", " a", " main", " road", " in", " Saudi", " Arabia", "'s", " Riyadh", ".", "\n", "\n", "Police", " spokesman", " colonel", " At", "i", " bin", " At", "iya", " al", "-", "Q", "ars", "hi", " said", " that", " the", " \"", "acc", "used", "\"", " had", " been", " arrested", " after", " relevant", " evidence", " had", " been", " gathered", " and", " \"", "conf", "idential", " investigations", "\"", " had", " been", " completed", ".", "\n", "\n", "The", " video", " appears", " to", " show", " the", " boy", " doing", " the", " Mac", "are", "na", ",", " a", " mid", "-", "1990", "s", "'", " dance", " phenomenon", ",", " while", " standing", " in", " front", " of", " a", " row", " of", " cars", " on", " a", " crossing", " on", " Riyadh", "'s", " Prince", " Mohamed", " bin", " Abdul", "az", "iz", " Road", ".", "\n", "\n", "The", " boy", " is", " seen", " dancing", " in", " the", " middle", " of", " a", " four", "-", "lane", " road", " and", " appearing", " to", " stop", " traffic", ".", "\n", "\n", "The", " video", " first", " appeared", " online", " in", " 2016", ",", " but", " was", " later", " removed", ".", "\n", "\n", "Social", " media", " users", " had", " taken", " the", " video", ",", " which", " resur", "faced", " on", " social", " media", " last", " week", ",", " in", " good", " humour", ".", "\n", "\n", "This", " video", " is", " so", " funny", " I", " loved", " it", " \ufffd", "\ufffd", "\ufffd", "\ufffd", "\ufffd", "\ufffd", "\ufffd", "\ufffd", "\ufffd", "\ufffd", "\ufffd", "\ufffd", "\ufffd", "\ufffd", "\ufffd", "\ufffd", "\ufffd", "\ufffd", "\ufffd", "\ufffd", "\ufffd", "\ufffd", "\ufffd", "\ufffd", " https", "://", "t", ".", "co", "/", "r", "k", "z", "P", "dn", "MK", "C", "q", " \u2014", " \ufffd", "\ufffd", "\u0627\ufffd", "\ufffd", "\u0645", "\u0629", " \u0627\u0644", "\u0645", "\ufffd", "\ufffd", "\u0645", "\u064a", "\u062f", "\ufffd", "\ufffd", "\ufffd", "\ufe0f", " (@", "To", "os", "ha", "_", "m", "ah", "me", "ed", ")", " August", " 22", ",", " 2017", "\n", "\n", "That", "'s", " the", " kind", " of", " son", " I", " wanna", " have", " \ufffd", "\ufffd", "\ufffd", "\ufffd", "\ufffd", "\ufffd", "\ufffd", " https", "://", "t", ".", "co", "/", "i", "CD", "J", "8", "Ky", "fd", "k", " \u2014", " \ufffd", "\ufffd", "\u064e", "\u0647", "\u0650", "\u064a", "\u0652", "\u0631", "\u0629", " \u0627\u0644", "\u0646", "\ufffd", "\ufffd", "\u0647", "\u064e", "\u0627", "\u0631", "\u0650", "\u064a", " (@", "s", "ah", "ir", "an", "ah", "ari", ")", " August", " 22", ",", " 2017", "\n", "\n", "Translation", ":", " He", "'s", " like", " a", " dancing", " marsh", "mallow", "\n", "\n", "I", " love", " him", " https", "://", "t", ".", "co", "/", "Jo", "a", "5", "B", "H", "dk", "v", "J", " \u2014", " \ufffd", "\ufffd", "\u064a", "\u0645", "\u064a", " \ufffd", "\ufffd", "\u0648", "\ufffd", "\ufffd", "\u0648", " (@", "Amy", "R", "oko", ")", " August", " 22", ",", " 2017", "\n", "\n", "As", " the", " news", " of", " his", " arrest", " was", " revealed", ",", " users", " expressed", " their", " surprise", "\n", "\n", "Sur", "pr", "ised", " they", " didn", "'t", " decap", "itate", " him", " already", " https", "://", "t", ".", "co", "/", "3", "t", "X", "o", "ie", "PA", "g", "7", " \u2014", " Ahmad", " Al", "Mot", " (@", "Ah", "mad", "Al", "mot", ")", " August", " 21", ",", " 2017", "\n", "\n", "A", " couple", " of", " users", " agreed", " with", " his", " arrest", "\n", "\n", "This", " boy", " was", " later", " arrested", "...", "\n", "\n", "Des", "erved", " to", " be", " arrested", " for", " being", " a", " nuisance", " https", "://", "t", ".", "co", "/", "pg", "b", "Q", "Y", "58", "wn", "z", " \u2014", " Cherry", " Analy", "sts", " \ufffd", "\ufffd", "\ufffd", " (@", "C", "herry", "Analy", "sts", ")", " August", " 22", ",", " 2017", "\n", "\n", "Earlier", " this", " month", ",", " a", " Saudi", " entertain", "er", " was", " arrested", " by", " Saudi", " authorities", " for", " \"", "d", "ab", "bing", ",\"", " a", " popular", " dance", " move", ",", " at", " a", " concert", " in", " the", " country", "'s", " western", " city", " of", " Ta", "if", ".", "\n", "\n", "This", " article", " is", " available", " in", " French", " on", " Middle", " East", " Eye", " French", " edition", "."]