["To", " prevent", " \ufffd", "\ufffd", "Alt", "-", "Right", "\ufffd", "\ufffd", " ideas", " from", " being", " taken", " seriously", ",", " the", " anti", "-", "fascist", " argument", " is", " that", " you", " don", "\ufffd", "\ufffd", "t", " even", " let", " them", " start", " to", " have", " a", " platform", " in", " society", ".", "\n", "\n", "[", "Trans", "cription", " of", " an", " interview", " with", " Mark", " Bray", " from", " W", "NY", "C", "\ufffd", "\ufffd", "s", " On", " the", " Media", " \u2013", " Feb", ".", " 10", ",", " 2017", "]", "\n", "\n", "Bro", "oke", " Glad", "stone", " (", "W", "NY", "C", "):", " Those", " who", " subscribe", " to", " liberal", " values", " are", " supposed", " to", " \ufffd", "\ufffd", "def", "end", " to", " the", " death", " the", " right", ",", " not", " only", " of", " their", " friends", ",", " but", " of", " their", " foes", " to", " speak", " their", " minds", ".", "\ufffd", "\ufffd", " But", " anti", "-", "fascist", " protesters", ",", " or", " as", " they", "\ufffd", "\ufffd", "re", " more", " commonly", " known", ",", " Ant", "ifa", ",", " follow", " a", " different", " path", ".", " Mark", " Bray", " is", " a", " visiting", " historian", " at", " Dartmouth", " College", " and", " the", " author", " of", " Trans", "l", "ating", " Anarchy", ":", " The", " Anarch", "ism", " of", " Occupy", " Wall", " Street", ".", " Mark", ",", " welcome", " to", " the", " show", ".", "\n", "\n", "Mark", ":", " Thanks", " for", " having", " me", ".", "\n", "\n", "Bro", "oke", ":", " Tell", " me", " about", " the", " origins", " of", " anti", "-", "f", "asc", "ism", " \u2013", " when", " it", " first", " began", ",", " I", " assume", " back", " in", " the", " 20", "s", "?", "\n", "\n", "Mark", ":", " Sure", ",", " well", ",", " anti", "-", "f", "asc", "ism", " is", " as", " old", " as", "\u2026", " fascism", ".", " And", ",", " so", ",", " certainly", " in", " the", " 1920", "s", " and", " 1930", "s", ",", " as", " fascist", " regimes", " in", " Italy", " and", " Germany", " started", " to", " gain", " political", " prominence", ",", " a", " number", " of", " left", " political", " group", "ings", "\u2014", "social", "ists", ",", " anarchists", ",", " communists", "\u2014", "started", " to", " organize", " primarily", " self", "-", "defense", " units", ",", " initially", ",", " because", " part", " of", " the", " Nazi", " and", " the", " Italian", " fascist", " mod", "us", " oper", "andi", " was", " to", " organize", " paramilitary", " units", " that", " would", " terror", "ize", " their", " left", " opponents", ".", " So", ",", " the", " different", " communist", " parties", " and", " socialist", " parties", " would", " organize", " their", " own", " anti", "-", "fascist", " militias", "\u2014", "one", " of", " which", " was", " called", " Anti", "-", "F", "ascist", " Action", ",", " the", " first", " group", " to", " use", " the", " name", " that", "\ufffd", "\ufffd", "s", " now", " become", " common", " for", " anti", "-", "fascist", " organizations", " around", " the", " world", ",", " and", " the", " deriv", "ation", " of", " the", " shortened", " term", ",", " Ant", "ifa", ".", " Moving", " into", " the", " 1930", "s", ",", " the", " Spanish", " Civil", " War", " and", " the", " struggle", " against", " Franco", " spread", " anti", "-", "fascist", " organizing", " around", " the", " world", ".", " Then", ",", " in", " the", " 1980", "s", " and", " 1990", "s", ",", " you", " have", " a", " re", "-", "birth", " of", " anti", "-", "fascist", " organizing", ",", " especially", " starting", " in", " Britain", " and", " Germany", ",", " as", " neo", "-", "Nazis", " started", " to", " target", " migrants", " and", " other", " marginalized", " communities", ".", " What", " we", " see", " today", " is", " the", " spread", " of", " that", " to", " the", " United", " States", " and", " beyond", ".", "\n", "\n", "Bro", "oke", ":", " One", " of", " the", " most", " frequently", " cited", " actions", " in", " Ant", "ifa", " history", " is", " what", "\ufffd", "\ufffd", "s", " referred", " to", " as", " the", " Battle", " of", " Cable", " Street", ",", " right", "?", " Talk", " about", " that", ",", " because", " it", " begins", " to", " set", " the", " stage", " for", " what", " we", "\ufffd", "\ufffd", "re", " seeing", " now", ".", "\n", "\n", "Mark", ":", " It", " certainly", " does", ".", " In", " 1936", ",", " the", " leader", " of", " the", " British", " Union", " of", " Fasc", "ists", ",", " Mos", "ley", ",", " organ", "izes", " a", " march", " of", " a", " couple", " thousand", " fascists", " through", " the", " East", " End", " of", " London", " which", " is", " a", " predomin", "ately", " Jewish", " neighborhood", ".", " In", " response", " to", " that", ",", " a", " whole", " group", " of", " leftists", " and", " Jewish", " residents", " of", " the", " area", " and", " other", " ethnic", " minorities", " organized", " a", " militant", " demonstration", " against", " this", " fascist", " march", ".", "\n", "\n", "Bro", "oke", ":", " How", " many", "?", "\n", "\n", "Mark", ":", " Between", " 15", " and", " 20", " thousand", " people", ".", " This", " was", " a", " massive", " response", ".", " The", " police", " did", " what", " they", " could", " to", " defend", " the", " fascists", " from", " the", " anti", "-", "fascist", " demonstrators", " but", " ultimately", " were", " overpowered", ".", " The", " fascists", " had", " to", " cancel", " the", " march", " and", " essentially", " back", " down", ".", " So", ",", " this", " Battle", " of", " Cable", " Street", " is", " an", " emblem", "atic", " example", " of", " anti", "-", "fascist", " politics", " put", " into", " practice", ",", " in", " terms", " of", " preventing", " fascists", " from", " marching", " through", " a", " Jewish", " area", ".", "\n", "\n", "Bro", "oke", ":", " But", " not", " just", " that", ",", " right", "?", " Ant", "ifa", " is", " fundamentally", " against", " the", " right", " of", " fascists", " to", " speak", " and", " be", " heard", ".", "\n", "\n", "Mark", ":", " That", "\ufffd", "\ufffd", "s", " entirely", " correct", ".", " So", ",", " in", " your", " open", " you", " mentioned", " the", " popular", " slogan", " that", " liberals", " have", " adopted", " from", " Volt", "aire", " that", ",", " \ufffd", "\ufffd", "I", " may", " disagree", " with", " what", " you", " have", " to", " say", " but", " I", " will", " defend", " to", " the", " death", " your", " right", " to", " say", " it", ".", "\ufffd", "\ufffd", " Anti", "-", "f", "asc", "ists", " fundamentally", " disagree", " with", " that", " premise", ".", " They", " argue", " that", ",", " given", " the", " horrors", " of", " Auschwitz", " and", " Tre", "bl", "inka", ",", " the", " destruction", " that", " Nazis", " have", " caused", ",", " that", " fascists", ",", " white", " supremacists", " shouldn", "\ufffd", "\ufffd", "t", " be", " granted", " the", " right", " to", " express", " their", " ideas", " in", " public", ",", " in", " part", " because", ",", " they", " argue", ",", " had", " that", " been", " done", " earlier", " in", " the", " 1920", "s", ",", " the", " 1930", "s", ",", " we", " might", " have", " been", " able", " to", " bypass", " what", " ended", " up", " happening", ".", "\n", "\n", "Bro", "oke", ":", " I", " get", " that", " as", " a", " tactic", ",", " but", " I", "\ufffd", "\ufffd", "m", " still", " not", " sure", " how", " the", " philosophy", " of", " anti", "-", "f", "asc", "ism", " squares", " with", " the", " liberal", " values", " of", " free", " speech", " and", " open", " dialogue", ",", " and", " I", " guess", " it", " doesn", "\ufffd", "\ufffd", "t", ".", "\n", "\n", "Mark", ":", " To", " some", " extent", ",", " it", " doesn", "\ufffd", "\ufffd", "t", ".", " The", " question", " is", ":", " if", " we", " want", " to", " prevent", " something", " along", " the", " lines", " of", " what", " happened", " in", " the", " 1930", "s", " and", " 40", "s", " from", " happening", " again", ",", " how", " do", " we", " do", " it", "?", " And", " the", " liberal", " prescription", " for", " doing", " it", " is", ",", " essentially", ",", " free", " and", " open", " debate", " and", " dialogue", ",", " and", " if", " Nazis", " do", " something", " illegal", " then", " hopefully", " the", " police", " will", " stop", " them", ".", " Ant", "if", "asc", "ists", " recognize", " that", " in", " the", " 1930", "s", ",", " 1940", "s", ",", " the", " police", " supported", " fascism", ".", " The", " fascists", " didn", "\ufffd", "\ufffd", "t", " actually", " stage", " a", " revolution", " to", " come", " to", " power", ";", " they", " worked", " within", " the", " political", " system", ".", " And", " all", " the", " reasonable", " dialogue", " and", " debate", " that", " one", " could", " muster", " did", " not", " do", " the", " job", ".", " The", " argument", " is", " that", ",", " if", " we", " want", " such", " a", " horrific", " crime", " to", " not", " re", "occ", "ur", ",", " it", " needs", " to", " be", " n", "ipped", " in", " the", " bud", ",", " through", " a", " variety", " of", " tactics", ",", " but", " one", " of", " which", " is", " through", " violently", " disrupting", " Klan", " rallies", ",", " neo", "-", "Nazi", " speeches", ",", " and", " so", " forth", ".", " The", " other", " thing", " to", " remember", " is", " that", " anti", "-", "f", "asc", "ists", " identify", " as", " communists", ",", " as", " anarchists", ",", " as", " socialists", ",", " and", " want", " to", " organize", " for", " a", " revolutionary", " rupture", " with", " the", " prevailing", " political", " system", ",", " and", " that", " this", " is", " in", "-", "line", " with", " that", ".", " That", "\ufffd", "\ufffd", "s", " also", " another", " reason", " why", " the", " two", " philosophies", " don", "\ufffd", "\ufffd", "t", " quite", " j", "ibe", ".", "\n", "\n", "Bro", "oke", ":", " So", ",", " the", " liberal", " idea", " that", " in", " a", " marketplace", " of", " ideas", " the", " good", " ideas", " will", " rise", " to", " the", " top", " and", " the", " bad", " will", " drop", " out", " the", " bottom", "\u2014", "they", " don", "\ufffd", "\ufffd", "t", " buy", " that", ".", " You", " don", "\ufffd", "\ufffd", "t", " buy", " that", " either", "?", "\n", "\n", "Mark", ":", " Well", ",", " unfortunately", ",", " terrible", " ideas", " have", " risen", " to", " the", " top", " throughout", " history", ".", " The", " liberal", " ideal", " is", " that", " the", " government", " is", " a", " referee", " in", " a", " game", " that", " all", " parties", " are", " invited", " to", " play", ".", " But", ",", " in", " actual", " fact", ",", " whenever", " left", " groups", " have", " become", " threatening", ",", " you", " get", " Red", " Sc", "ares", ",", " you", " get", " repression", ",", " you", " get", " CO", "INT", "EL", "PRO", " in", " the", " 1960", "s", " and", " 70", "s", ".", " And", " so", ",", " anti", "-", "f", "asc", "ists", " are", " arguing", " that", " we", " want", " a", " political", " content", " to", " how", " we", " look", " at", " speech", " and", " society", " which", " is", " drastically", " different", " from", " a", " liberal", " take", ",", " and", " that", " this", " entails", " shutting", " down", " the", " extreme", " manifestations", " of", " fascism", " and", " neo", "-", "Naz", "ism", ".", " We", " need", " to", " recognize", " that", " this", " is", " not", " simply", " a", " question", " of", " whether", " a", " fascist", " government", " will", " come", " to", " power", " or", " not", ".", " (", "I", "\ufffd", "\ufffd", "m", " skeptical", " that", " such", " an", " explicitly", " fascist", " government", " would", " come", " to", " be", ".)", " But", " that", " those", " who", " carry", " out", " hate", " crimes", ",", " they", " feel", " embold", "ened", " when", " their", " ideas", " become", " mainstream", ".", " So", ",", " the", " idea", " with", " anti", "-", "fascist", " politics", " is", " to", " prevent", " those", " ideas", " from", " having", " that", " opportunity", ".", "\n", "\n", "Bro", "oke", ":", " But", " where", " does", " it", " stop", "?", " How", " are", " we", " different", " from", " our", " fascist", " opponents", " if", " we", " both", " subscribe", " to", " the", " idea", " that", " speech", " should", " be", " rep", "ressed", " when", " we", " regard", " the", " message", " to", " be", " dangerous", "?", "\n", "\n", "Mark", ":", " Germany", " has", " a", " prohibition", " against", " advocating", " for", " Nazis", " publicly", ".", " That", " doesn", "\ufffd", "\ufffd", "t", " mean", " that", " Germany", " is", " a", " closed", " society", " where", " people", " can", "\ufffd", "\ufffd", "t", " say", " whatever", " they", " want", " to", " say", ".", " You", " can", " have", " some", " prohibitions", " against", " speech", " without", " going", " all", " the", " way", ".", " In", " the", " context", " of", " an", " increasing", " number", " of", " hate", " crimes", " \u2014", " the", " Southern", " Poverty", " Law", " Center", " cited", " over", " 800", " such", " crimes", " immediately", " following", " the", " election", " of", " President", " Trump", " \u2014", " the", " idea", " is", " that", " the", " people", " who", " carry", " out", " these", " crimes", " are", " listening", " to", " Richard", " Spencer", " speeches", ",", " going", " on", " Storm", "front", " websites", ",", " imb", "ib", "ing", " this", " hateful", " doctrine", ",", " and", " that", ",", " to", " the", " degree", " that", " we", " can", " shut", " it", " down", ",", " we", " will", " have", " fewer", " people", " copy", "-", "cat", "ting", " them", " into", " attacking", " vulnerable", " populations", ".", " Most", " people", " would", " agree", " that", " it", " was", " acceptable", " in", " the", " 1930", "s", " and", " 1940", "s", " to", " organize", " armed", " resistance", " to", " the", " Nazi", " regime", ".", " The", " question", " is", ":", " how", " terrible", " does", " it", " have", " to", " be", " before", " that", " becomes", " legitimate", "?", " And", " the", " anti", "-", "fascist", " answer", " is", ":", " you", " need", " to", " n", "ip", " it", " in", " the", " bud", " from", " the", " beginning", ".", "\n", "\n", "Bro", "oke", ":", " You", " wrote", " that", " \ufffd", "\ufffd", "liber", "als", " tend", " to", " examine", " issues", " of", " sexism", " or", " racism", " in", " terms", " of", " the", " question", " of", " belief", ",", " or", " what", " is", " in", " one", "\ufffd", "\ufffd", "s", " heart", ".", " What", " is", " often", " overlooked", " in", " such", " conversations", " is", " that", " what", " one", " truly", " believes", " is", " sometimes", " much", " less", " important", " than", " what", " social", " constraints", " allow", " that", " person", " to", " articulate", " or", " act", " upon", ".", "\ufffd", "\ufffd", "\n", "\n", "Mark", ":", " Right", ".", " So", ",", " the", " message", " that", " I", "\ufffd", "\ufffd", "m", " trying", " to", " get", " across", " with", " that", " is", " that", " we", " have", " a", " certain", " set", " of", " societal", " tab", "oos", " around", " what", " one", " can", " say", " and", " can", "\ufffd", "\ufffd", "t", " say", ",", " and", " those", " have", " shifted", " over", " time", ".", " The", " words", " that", " are", " acceptable", " to", " use", " about", " different", " ethnic", " minorities", ",", " about", " women", ",", " about", " all", " sorts", " of", " groups", ",", " have", " shifted", " over", " time", ".", " The", " way", " that", " I", " think", " that", " we", " maintain", " a", " firm", " barrier", " against", " the", " \ufffd", "\ufffd", "Alt", "-", "Right", "\ufffd", "\ufffd", " making", " racism", " okay", " again", ",", " making", " sexism", " okay", " again", ",", " is", " to", " really", " increase", " the", " social", " cost", " of", " presenting", " oppressive", " views", " out", " in", " public", ".", " So", " that", " when", " someone", " like", " Donald", " Trump", " says", " something", " sexist", ",", " we", " raise", " a", " r", "uck", "us", ",", " we", " disrupt", " business", " as", " usual", ",", " to", " make", " it", " so", " that", " it", "\ufffd", "\ufffd", "s", " not", " acceptable", " to", " raise", " these", " views", " in", " public", ".", " Increase", " the", " social", " cost", " of", " that", " being", " able", " to", " be", " a", " public", " discourse", ",", " and", " push", " back", " through", " politics", ".", "\n", "\n", "Bro", "oke", ":", " So", ",", " what", " does", " the", " American", " Ant", "ifa", " movement", " look", " like", "?", " What", " are", " its", " tactics", "?", "\n", "\n", "Mark", ":", " Under", " that", " specific", " banner", ",", " it", " is", " still", " relatively", " new", " and", " it", "\ufffd", "\ufffd", "s", " finding", " its", " way", ".", " But", " a", " lot", " of", " anti", "-", "fascist", " or", " Ant", "ifa", " groups", " have", " formed", " in", " different", " cities", " around", " the", " United", " States", ".", " A", " lot", " of", " what", " they", " do", " is", " researching", " information", " on", " local", " white", " supremacists", ",", " who", " they", " are", ",", " where", " they", " live", ",", " where", " they", " work", "\u2014", "sometimes", " pressuring", " their", " employers", " to", " get", " them", " fired", ",", " sometimes", " making", " sure", " that", " if", " they", " organize", " private", " events", " at", " local", " venues", " for", " white", " supremacists", ",", " they", " try", " to", " pressure", " the", " venue", " owner", " to", " try", " to", " cancel", " the", " event", ".", " So", ",", " that", " research", " and", " coalition", "-", "building", " with", " groups", " that", " are", " affected", " by", " various", " forms", " of", " fascist", " or", " white", " supremacist", " violence", " is", " a", " lot", " of", " what", "\ufffd", "\ufffd", "s", " done", ".", " What", " gets", " more", " of", " the", " headlines", " is", " when", " the", " demonstrations", " come", " out", " onto", " the", " street", ".", " And", " so", ",", " as", " I", "\ufffd", "\ufffd", "m", " sure", " you", " and", " a", " number", " of", " listeners", " are", " well", " aware", ",", " there", " have", " been", " high", "-", "profile", " inc", "idences", " recently", ",", " such", " as", " in", " Berkeley", ",", " of", " trying", " to", " physically", " shut", " down", " events", ",", " that", " has", " raised", " the", " profile", " of", " ant", "if", "asc", "ism", ".", "\n", "\n", "Bro", "oke", ":", " Phys", "ically", " confronting", " people", ",", " that", "\ufffd", "\ufffd", "s", " part", " of", " the", " strategy", ",", " right", "?", "\n", "\n", "Mark", ":", " Yes", ",", " it", " is", ".", " It", "\ufffd", "\ufffd", "s", " an", " ill", "iberal", " politics", " of", " social", " revolution", "ism", " applied", " to", " fighting", " the", " far", " right", ".", "\n", "\n", "Bro", "oke", ":", " In", " a", " recent", " article", ",", " you", " advocated", " for", " \ufffd", "\ufffd", "every", "day", " anti", "-", "f", "asc", "ism", ",", "\ufffd", "\ufffd", " that", " is", ",", " \ufffd", "\ufffd", "anti", "-", "f", "asc", "ism", " that", " goes", " beyond", " punching", " Nazis", ".", "\ufffd", "\ufffd", "\n", "\n", "Mark", ":", " Right", ".", " So", ",", " there", " are", " these", " glamorous", " topics", "\u2014", "the", " video", " of", " Richard", " Spencer", " getting", " punched", " got", " millions", " and", " millions", " of", " shares", ".", " But", " if", " we", " want", " to", " think", " about", " how", " to", " create", " an", " anti", "-", "racist", " and", " anti", "-", "sex", "ist", " society", ",", " we", " need", " to", " think", " about", " the", " everyday", " interactions", " that", " we", " have", " with", " each", " other", " at", " our", " workplaces", ",", " in", " our", " families", ",", " among", " our", " friends", ",", " and", " say", ":", " if", " someone", " is", " artic", "ulating", " a", " homophobic", " perspective", ",", " or", " prejud", "icial", " against", " immigrants", ",", " am", " I", " doing", " what", " I", " can", " to", " try", " to", " change", " their", " mind", "?", " Am", " I", " raising", " some", " sort", " of", " opposition", " or", " am", " I", " tacit", "ly", " going", " along", " with", " it", " because", " I", "\ufffd", "\ufffd", "m", " just", " letting", " it", " slide", "?", " So", ",", " everyday", " anti", "-", "f", "asc", "ism", " is", " not", " having", " any", " tolerance", " for", " intolerance", ".", " It", "\ufffd", "\ufffd", "s", " not", " agreeing", " to", " disagree", " about", " hateful", " behavior", ".", " It", "\ufffd", "\ufffd", "s", " saying", ",", " \ufffd", "\ufffd", "look", ",", " if", " you", "\ufffd", "\ufffd", "re", " going", " to", " be", " a", " part", " of", " my", " life", ",", " you", " need", " to", " shape", " up", ".", " You", " can", "\ufffd", "\ufffd", "t", " treat", " people", " like", " this", ";", " you", " can", "\ufffd", "\ufffd", "t", " say", " things", " like", " this", ".", "\ufffd", "\ufffd", " And", " it", "\ufffd", "\ufffd", "s", " holding", " people", " accountable", ".", " And", " sometimes", " that", " means", " you", " need", " to", " end", " some", " friendships", ".", " Or", " it", " means", " maybe", " you", " should", " boycott", " the", " business", " down", " the", " street", " that", "\ufffd", "\ufffd", "s", " been", " rude", " to", " Latino", " immigrants", ".", "\n", "\n", "Bro", "oke", ":", " You", " say", " that", " our", " goal", " should", " be", " that", ",", " in", " twenty", " years", ",", " those", " who", " voted", " for", " Trump", " are", " too", " uncomfortable", " to", " share", " that", " in", " public", ".", "\n", "\n", "Mark", ":", " Raise", " the", " social", " cost", " of", " being", " a", " bigot", ".", " And", " sometimes", " that", "\ufffd", "\ufffd", "s", " enough", " to", " make", " it", " so", " that", " someone", " doesn", "\ufffd", "\ufffd", "t", " feel", " empowered", " enough", " to", " act", " on", " it", " in", " a", " way", " that", " puts", " people", " in", " jeopardy", ".", " But", ",", " there", " is", " a", " growing", " radical", " sector", " of", " the", " left", " that", " is", " simply", " not", " going", " to", " take", " any", " chances", " of", " the", " possibility", " of", " \ufffd", "\ufffd", "Alt", "-", "Right", "\ufffd", "\ufffd", " politics", " becoming", " the", " mainstream", ".", " We", " have", " a", " Breitbart", " editor", " and", " white", " supremacist", " in", " the", " White", " House", ".", " We", "\ufffd", "\ufffd", "re", " not", " that", " many", " steps", " away", " from", " a", " situation", " where", " a", " crisis", " unfolds", ",", " the", " Trump", " administration", " uses", " some", " sort", " of", " emergency", " authorization", " to", " central", "ize", " power", ".", " And", " so", ",", " if", " we", " want", " to", " make", " it", " so", " that", " \ufffd", "\ufffd", "Alt", "-", "Right", "\ufffd", "\ufffd", " ideas", " are", " not", " taken", " seriously", ",", " the", " anti", "-", "fascist", " argument", " is", " that", " you", " don", "\ufffd", "\ufffd", "t", " even", " let", " them", " start", " to", " have", " that", " platform", " in", " society", ".", " This", " is", " the", " norm", " of", " ant", "if", "ascist", " politics", " in", " Europe", ",", " where", " many", " people", " remember", " the", " leg", "acies", " of", " living", " under", " the", " Franco", " regime", ",", " for", " example", ",", " in", " Spain", ",", " and", " see", " how", " it", " has", " affected", " them", " in", " their", " everyday", " life", ".", " It", "\ufffd", "\ufffd", "s", " not", " something", " that", " classical", " liberal", " sympath", "izers", " will", " feel", " comfortable", " with", "\u2026", "\n", "\n", "Bro", "oke", ":", " Or", " as", " Jack", " Sh", "afer", " refers", " to", " me", ":", " \ufffd", "\ufffd", "public", " radio", " talk", "-", "show", " hosts", ".", "\ufffd", "\ufffd", "\n", "\n", "Mark", ":", " Maybe", ",", " maybe", ".", " But", " that", " [", "anti", "-", "f", "asc", "ism", "]", " is", " a", " growing", " response", " to", " the", " white", " supremacist", " presence", " that", " has", " grown", " in", " alarming", " ways", " in", " our", " country", ".", "\n", "\n", "Suggest", "ed", " Further", " Read", "ings", "\n", "\n", "Trump", " and", " Everyday", " Anti", "-", "f", "asc", "ism", " Beyond", " Punch", "ing", " Nazis", " (", "Mark", " Bray", ",", " RO", "AR", " Magazine", ")", "\n", "\n", "Ant", "ifa", " Worldwide", ":", " A", " Brief", " History", " of", " International", " Ant", "if", "asc", "ism", " (", "Alexander", " Reid", " Ross", ",", " Anti", "-", "F", "ascist", " News", ")", "\n", "\n", "Why", " no", " platform", " is", " still", " relevant", ",", " and", " the", " trouble", " with", " liberal", " \ufffd", "\ufffd", "anti", "-", "f", "asc", "ism", "\ufffd", "\ufffd", " (", "Lib", "Com", ".", "org", ")", "\n", "\n", "S", "ites", " to", " follow", " for", " Anti", "-", "fascist", " news", " and", " analysis", ":", " Anti", "-", "F", "ascist", " News", ",", " It", "\ufffd", "\ufffd", "s", " Going", " Down", ",", " Sub", "Media", "\n", "\n", "Sy", "ll", "abus", " on", " the", " Political", " Economy", " of", " Fasc", "ism", " (", "Mike", " Isaac", "son", ")", "\n", "\n", "Be", "ating", " Milo", ":", " How", " Berkeley", " Def", "e", "ated", " the", " Alt", "-", "Right", "\ufffd", "\ufffd", "s", " Big", "gest", " Troll", " (", "It", "\ufffd", "\ufffd", "s", " Going", " Down", ")", "\n", "\n", "No", " platform", " for", " fascists", " (", "Work", "ers", " Solid", "arity", " Movement", ")", "\n", "\n", "Mis", "under", "standing", " the", " Civil", " Rights", " Movement", " and", " Diversity", " of", " Tactics", " (", "L", "oren", "zo", " Raymond", ",", " The", " Hampton", " Institute", ")", "\n", "\n", "Con", "cerning", " the", " Violent", " Peace", " Police", " (", "David", " Gra", "e", "ber", ",", " N", "+", "1", ")", "\n", "\n", "Black", " Bl", "oc", " Tactics", " \u2013", " 10", " Quick", " Points", " (", "H", "ars", "ha", " Wal", "ia", ")", "\n", "\n", "Back", " in", " Black", " (", "Sal", "ar", " Moh", "and", "esi", ",", " View", "point", " Magazine", ")", "\n", "\n", "This", " is", " Not", " a", " Dialogue", " (", "C", "rim", "eth", "inc", ")", "\n", "\n", "It", "\ufffd", "\ufffd", "s", " Not", " Your", " Speech", ",", " Milo", " (", "C", "rim", "eth", "inc", ")"]