["P", "odcast", "s", "/", "V", "log", "s", "/", "E", "ct", "\n\n", "\n\n", "\n", "\n", "Sp", "enser", ",", " Cay", "ci", ",", " and", " Kevin", " share", " some", " of", " their", " memories", " from", " the", " weekend", ",", " and", " we", " get", " to", " see", " some", " of", " the", " events", " happening", " right", " through", " the", " eyes", " of", "...", " whoever", " had", " the", " camera", " at", " the", " time", "!", " We", "'re", " also", " very", " happy", " to", " present", " an", " interview", " with", " Euro", "beat", " Bron", "y", " (", "O", "d", "yssey", ")!", "\n\n", "\n", "\n", "http", "://", "youtu", ".", "be", "/", "7", "T", "t", "GI", "sc", "4", "U", "74", "\n\n", "\n", "\n", "Subscribe", " to", " us", " on", " YouTube", " for", " all", " our", " latest", " Special", "s", " and", " Ex", "clus", "ives", ":", "\n", "\n", "http", "://", "YouTube", ".", "com", "/", " Bron", "y", "Club", "house", "\n\n", "\n", "\n", "Please", " share", " if", " you", " like", " our", " video", ",", " and", " remember", " to", " follow", " us", " on", " Twitter", " for", " all", " the", " latest", " updates", "!", "\n", "\n", "http", "://", "twitter", ".", "com", "/", " Bron", "y", "Club", "house", "\n\n", "\n", "\n", "Like", " us", " on", " Facebook", " for", " news", " regarding", " the", " Bron", "y", " Club", "house", ":", "\n\n", "\n\n", "\n", "\n", "We", " also", " stream", " on", " Tues", "days", " and", " Thurs", "days", " on", " our", " Twitch", ".", "tv", " Channel", ",", " so", " follow", " us", " on", " Twitter", " to", " get", " the", " latest", " on", " when", " we", " plan", " to", " go", " live", "!", "\n", "\n", "http", "://", "twitch", ".", "tv", "/", " Bron", "y", "Club", "house", " The", " Bron", "y", " Club", "house", " takes", " on", " Vegas", " in", " this", " one", "-", "of", "-", "a", "-", "kind", " Las", " Pegasus", " Special", "!", "Sp", "enser", ",", " Cay", "ci", ",", " and", " Kevin", " share", " some", " of", " their", " memories", " from", " the", " weekend", ",", " and", " we", " get", " to", " see", " some", " of", " the", " events", " happening", " right", " through", " the", " eyes", " of", "...", " whoever", " had", " the", " camera", " at", " the", " time", "!", " We", "'re", " also", " very", " happy", " to", " present", " an", " interview", " with", " Euro", "beat", " Bron", "y", " (", "O", "d", "yssey", ")!", "Subscribe", " to", " us", " on", " YouTube", " for", " all", " our", " latest", " Special", "s", " and", " Ex", "clus", "ives", ":", "Please", " share", " if", " you", " like", " our", " video", ",", " and", " remember", " to", " follow", " us", " on", " Twitter", " for", " all", " the", " latest", " updates", "!", "Like", " us", " on", " Facebook", " for", " news", " regarding", " the", " Bron", "y", " Club", "house", ":", " http", "://", "facebook", ".", "com", "/", " Bron", "y", "Club", "house", "Net", "...", "We", " also", " stream", " on", " Tues", "days", " and", " Thurs", "days", " on", " our", " Twitch", ".", "tv", " Channel", ",", " so", " follow", " us", " on", " Twitter", " to", " get", " the", " latest", " on", " when", " we", " plan", " to", " go", " live", "!", "\n\n", "\n", "\n", "http", "://", "b", "ron", "y", "club", "house", ".", " ever", "free", ".", "net", "\n\n", "\n\n", "\n\n", "\n\n", "\n", "\n", "G", "roups", "/", "Meet", "ups", "/", "G", "uild", "s", " Looking", " for", " More", "\n", "\n", "This", " Monday", ",", " March", " 4", ",", " is", " Be", " Nice", " to", " Someone", " on", " the", " Internet", " Day", ".", " This", " holiday", " is", ",", " depending", " on", " your", " preference", ",", " either", " a", " celebration", " of", " kindness", " or", " a", " defiant", ",", " qu", "ix", "otic", " stand", " against", " the", " cru", "elt", "ies", " running", " rampant", " across", " the", " Internet", ".", " It", "'s", " also", " an", " idea", " inspired", " in", " part", " by", " EQ", "D", " and", " br", "onies", " at", " large", ",", " who", " have", " already", " done", " tons", " of", " stuff", " to", " make", " the", " Internet", " awesome", ".", "\n", "\n", "The", " plan", " is", " for", " everyone", " to", " take", " a", " couple", " of", " minutes", " on", " March", " 4", " to", " send", " someone", " an", " appreci", "ative", " note", ",", " message", " or", " e", "-", "mail", ",", " or", " else", " to", " leave", " a", " sincere", ",", " encouraging", " comment", " on", " someone", "'s", " Facebook", " profile", ",", " blog", " page", ",", " YouTube", " channel", ",", " dev", "iant", "ART", " page", ",", " Twitter", " profile", " or", " Tumblr", " account", ".", " It", "'s", " an", " opportunity", " for", " everyone", " to", " find", " someone", " they", " appreciate", " --", " whether", " an", " artist", ",", " a", " musician", ",", " a", " blogger", ",", " a", " friend", " or", " a", " total", " stranger", " --", " and", " let", " that", " person", " know", " he", " or", " she", " is", " appreciated", ".", " It", "'s", " a", " chance", " to", " out", "-", "Fl", "utters", "hy", " Fl", "utters", "hy", " for", " showing", " kindness", ".", "\n", "\n", "My", " life", " was", " once", " bright", "ened", " by", " a", " slip", " of", " paper", ":", " a", " random", " note", " of", " encouragement", ".", " It", " must", " have", " taken", " five", " minutes", " to", " write", ".", " I", " kept", " it", " for", " years", ".", " Simply", " letting", " people", " know", " they", "'re", " admired", " or", " appreciated", " can", " make", " all", " the", " difference", " in", " the", " world", ".", "\n\n", "\n\n", "\n", "\n", "Copy", " Paste", ":", "\n\n", "\n\n", "\n", "\n", "G", "reetings", " Every", "p", "ony", "!", "\n\n", "\n\n", "\n", "\n", "I", " am", " Gut", "ius", " S", "eren", "ade", ",", " one", " of", " the", " directors", " for", " the", " CR", "ISIS", ":", " E", "quest", "ria", " Audio", " Play", ".", " We", " are", " looking", " for", " voice", " actors", ",", " writers", ",", " audio", " producers", " and", " artists", " interested", " in", " bringing", " this", " amazing", " story", " to", " life", "!", " Want", " more", " info", "?", " Check", " out", " the", " video", " provided", " OR", " send", " a", " Skype", " contact", " request", " to", " Heath", "rin", "18", " or", " Gut", "ius", " S", "eren", "ade", "!", "\n\n", "\n\n", "\n", "\n", "Mer", "ch", "/", "E", "bay", " Stuff", "\n", "\n", "Per", "ler", " P", "onies", "\n", "\n", "This", " Day", " in", " Pony", " History", " -", " March", " 6", ",", " 2011", "-", "2012", "\n", "\n", "Time", " to", " party", " you", " guys", "!", " It", "'s", " our", " 600", "th", " Night", "ly", " Roundup", "!", " Vinyl", " Sc", "ratch", " has", " the", " beats", " so", " lets", " get", " down", " to", " this", " short", ",", " but", " sweet", " Roundup", " tonight", ".", " Check", " it", " all", " out", " after", " the", " break", "!", "------------------------------------------------", "--------------", "Copy", " Paste", ":", "------------------------------------------------", "--------------", "Copy", " Paste", ":", "Up", "coming", " interview", " with", " voice", " actress", " Brenda", " Cr", "ich", "low", " which", " is", " this", " Thursday", " at", " 11", "PM", " EST", ".", " We", "'re", " going", " to", " also", " be", " talking", " listener", " calls", " and", " questions", " in", " our", " chat", ".", "----------------------------------------------------------------", "------------------------------------------------", "------------", "We", "'re", " a", " little", " late", " on", " this", ",", " but", " the", " idea", " is", " still", " valid", " regardless", " of", " date", "!", "Copy", " Paste", ":", "----------------------------------------------------------------", "------------------------------------------------", "------------", "The", " pony", " fan", " who", " came", " up", " with", " this", " idea", " saw", " you", " all", " liked", " it", " so", " he", " created", " a", " Facebook", " group", " for", " people", " to", " join", "!", "------------------------------------------------", "--------------", "Copy", " Paste", ":", "I", " am", " here", " to", " inform", " and", " let", " fellow", " br", "ony", " artists", " that", " my", " service", " that", " I", " am", " offering", " for", " artists", " to", " be", " promoted", " for", " free", " at", " conventions", " that", " I", " am", " planning", " on", " attending", " clouds", "dale", " congress", " and", " big", " apple", " pony", " con", ".", "What", " is", " this", " service", " about", ".", "Many", " skilled", " artists", ".", " May", " it", " be", " drawing", " or", " crafting", "...", " Can", "'t", " normally", " attend", " for", " many", " reasons", " (", "family", ",", " work", ",", " money", " or", " distance", ")...", " This", " is", " where", " Drake", "al", " Network", " LLC", " comes", " in", "...", " we", " allow", " an", " artist", " that", " wants", " to", " get", " their", " commission", " slots", " promoted", " (", "So", " they", " earn", " money", ".)", " by", " designing", " a", " page", " like", " these", ":", "Art", "ists", " can", " make", " it", " that", " Drake", "al", " Network", " will", " not", " rec", "ieve", " any", " funds", " and", " must", " direct", " any", " inquiries", " to", " a", " page", " or", " a", " payment", " gateway", " that", " the", " artist", " operates", "...", " If", " the", " artists", " wants", " to", " have", " the", " company", " to", " collect", " funds", " at", " the", " convention", " then", " there", " will", " be", " a", " fee", " of", " 1", "%", " to", " 5", "%", " based", " on", " the", " transaction", " size", " unless", " the", " artist", " has", " made", " arrangements", " how", " we", " collect", " money", " on", " their", " behalf", ".", "B", "AS", "IC", " RE", "QUIRE", "MENTS", ":", "1", ")", " If", " its", " not", " a", " quality", " I", " would", " personally", " commission", "...", " I", " won", "'t", " accept", " it", ".", "2", ")", " Artist", " must", " have", " a", " history", " that", " is", " publicly", " visible", ",", " 6", " or", " more", " months", " with", " reasonable", " amount", " of", " commissions", " or", " requests", " completed", ".", "3", ")", " Page", " requirements", " must", " be", " ment", " and", " the", " page", " must", " be", " a", " image", " that", " is", " submitted", " more", " details", " on", " the", " dev", "iant", "art", " Journal", ".", "E", "than", "P", "ow", "A", "lic", "orn", " Radio", " Head", "D", "rake", "al", " Network", " LLC", " owner", ".", "------------------------------------------------", "--------------", "The", " Hub", " not", "ifies", " a", " viewer", " that", " no", " DVD", " or", " Sound", "track", " are", " in", " the", " works", ".", " We", " fixed", " the", " DVD", " issue", ",", " now", " to", " fix", " that", " soundtrack", " problem", "!", "Sh", "ining", " Armor", " is", " revealed", " to", " be", " Twilight", "'s", " brother", ",", " and", " a", " fan", " does", " an", " analysis", " of", " Fl", "utters", "hy", "'s", " 3", "D", " scene", " from", " Putting", " Your", " Ho", "of", " Down", "."]