["Netflix", ",", " HBO", " to", " expand", " into", " Denmark", ",", " Finland", ",", " Norway", " and", " Sweden", "\n", "\n", "Netflix", " and", " HBO", " announce", " within", " hours", " of", " each", " other", " that", " they", " plan", " to", " launch", " their", " services", " in", " Denmark", ",", " Finland", ",", " Norway", " and", " Sweden", ".", "\n", "\n", "With", " high", " broadband", " penetration", " and", " an", " affluent", " populace", ",", " the", " Scandinavian", " nations", " are", " a", " natural", " for", " Netflix", ",", " which", " will", " launch", " its", " online", " streaming", " service", " there", " but", " not", " offer", " DVDs", " by", " mail", ",", " as", " it", " does", " in", " the", " U", ".", "S", ".", "\n", "\n", "Netflix", " has", " been", " aggressive", " about", " expanding", " into", " international", " markets", ".", " The", " service", " launched", " in", " Canada", " in", " late", " 2010", ",", " in", " Latin", " America", " one", " year", " later", ",", " and", " in", " Britain", " and", " Ireland", " this", " year", ".", " It", " has", " 3", ".", "6", " million", " international", " subscribers", ",", " compared", " with", " 26", ".", "5", " million", " in", " the", " U", ".", "S", ".", "\n", "\n", "The", " two", " companies", " announced", " within", " hours", " of", " each", " other", " late", " Tuesday", " and", " early", " Wednesday", " that", " they", " plan", " to", " launch", " in", " Denmark", ",", " Finland", ",", " Norway", " and", " Sweden", ".", " Netflix", " said", " it", " would", " debut", " by", " the", " end", " of", " 2012", ".", " HBO", " did", " not", " provide", " a", " specific", " date", ".", "\n", "\n", "R", "ivals", " Netflix", " and", " HBO", " will", " soon", " go", " head", "-", "to", "-", "head", " in", " Scandinav", "ia", ".", "\n", "\n", "However", ",", " the", " opportunity", " is", " not", " huge", ".", "\n", "\n", "In", " a", " note", " to", " investors", ",", " B", ".", " Riley", " &", " Co", ".", " analyst", " Eric", " W", "old", " observed", " that", " Scandinav", "ia", " has", " 8", ".", "4", " million", " broadband", "-", "connected", " households", ",", " compared", " with", " 20", ".", "4", " million", " in", " the", " United", " Kingdom", " and", " 85", ".", "6", " million", " in", " the", " U", ".", "S", ".", " \"", "Therefore", ",", " even", " a", " significant", " penetration", " of", " this", " region", " over", " the", " next", " few", " years", " would", " be", " unlikely", " to", " generate", " any", " meaningful", " [", "financial", "]", " contribution", ",\"", " he", " wrote", ".", "\n", "\n", "H", "BO", ",", " meanwhile", " is", " partnering", " with", " pay", "-", "TV", " veteran", " Peter", " E", "kel", "und", ",", " operator", " of", " Pars", "if", "al", " International", ",", " the", " parent", " of", " UR", "HO", "tv", ",", " an", " ESPN", "-", "like", " service", " popular", " in", " Finland", ".", "\n", "\n", "There", " are", " already", " several", " pay", " cable", " channels", " in", " Scandinav", "ia", ",", " as", " well", " as", " the", " Netflix", "-", "like", " Love", "Film", ",", " owned", " by", "Amazon", ".", "com", "\n", "\n", "With", " the", " proliferation", " of", " Internet", "-", "connected", " telev", "isions", " making", " Netflix", " the", " equivalent", " of", " another", " pay", " television", " channel", " \u2014", " albeit", " not", " one", " connected", " to", " cable", " subscriptions", " \u2014", " the", " service", " has", " become", " a", " competitor", " to", " HBO", ",", " Star", "z", " and", " Showtime", " in", " drawing", " consumers", " and", " bidding", " for", " exclusive", " content", ".", "\n", "\n", "H", "BO", " won", " a", " key", " battle", " on", " that", " front", " in", " the", " U", ".", "S", ".", " on", " Wednesday", " as", " it", " renewed", " an", " exclusive", " deal", " for", " movies", " from", " 20", "th", " Century", " Fox", ".", " Previously", " set", " to", " expire", " in", " 2015", ",", " the", " agreement", " has", " been", " extended", " through", " 2022", ".", "\n", "\n", "Netflix", " executives", " have", " previously", " said", " they", " hoped", " to", " bid", " for", " pay", "-", "TV", " rights", " from", " movie", " studios", " as", " existing", " deals", " expired", ".", "\n", "\n", "H", "BO", " will", " pay", " between", " $", "230", " million", " and", " $", "240", " million", " annually", " for", " Fox", " films", ",", " according", " to", " people", " familiar", " with", " the", " matter", " but", " unauthorized", " to", " speak", " publicly", ".", "\n", "\n", "Under", " the", " new", " agreement", ",", " HBO", " will", " allow", " Fox", " to", " sell", " its", " movies", " online", " for", " digital", " download", " at", " the", " same", " time", " as", " they", " air", " on", " the", " pay", " channel", ",", " which", " is", " currently", " prohibited", ".", " However", ",", " consumers", " will", " be", " unable", " to", " rent", " them", " online", " via", " video", "-", "on", "-", "demand", ".", "\n", "\n", "ben", ".", "f", "ritz", "@", "lat", "imes", ".", "com", "\n", "\n", "j", "oe", ".", "fl", "int", "@", "lat", "imes", ".", "com", "\n", "\n", "PHOTOS", ",", " VIDEO", " AND", " MORE", ":", "\n", "\n", "PHOTOS", ":", " '", "D", "ancing", " With", " the", " Stars", ":", " All", "-", "Stars", "':", " Meet", " the", " cast", "\n", "\n", "London", " Olympics", ":", " The", " Games", ",", " our", " way", "\n", "\n", "VIDEO", ":", " Watch", " the", " latest", " fall", " TV", " trailers", " here", "\n\n", "\n\n"]