["L", "ena", " He", "ade", "y", " says", " her", " ruthless", " character", " on", " the", " show", ",", " Cer", "sei", " Lann", "ister", ",", " is", " \ufffd", "\ufffd", "just", " damaged", ".", "\ufffd", "\ufffd", "\n", "\n", "Oh", " sure", ":", " She", "\ufffd", "\ufffd", "s", " in", " an", " incest", "uous", " relationship", " with", " her", " just", "-", "return", "ed", " one", "-", "handed", " brother", ",", " and", " their", " son", ",", " illegitimate", " king", " J", "off", "rey", " Bar", "athe", "on", ",", " is", " a", " terror", ".", " And", " Cer", "sei", " tends", " to", " drink", " a", " lot", ".", " But", " on", " Wednesday", "\ufffd", "\ufffd", "s", " \ufffd", "\ufffd", "Late", " Night", ",", "\ufffd", "\ufffd", " He", "ade", "y", " asked", " Seth", " Me", "yers", " not", " to", " judge", " her", " too", " harshly", ".", "\n", "\n", "Also", " read", ":", " \ufffd", "\ufffd", "Game", " of", " Thrones", "\ufffd", "\ufffd", " Season", " 4", " Trailer", ":", " Da", "ener", "ys", " Gets", " Deadly", " Serious", " (", "Video", ")", "\n", "\n", "\ufffd", "\ufffd", "She", "\ufffd", "\ufffd", "s", " just", " damaged", ",", "\ufffd", "\ufffd", " He", "ade", "y", " said", ".", " \ufffd", "\ufffd", "And", " complicated", ".", "\ufffd", "\ufffd", "\n", "\n", "\ufffd", "\ufffd", "She", " definitely", " killed", " people", ",", "\ufffd", "\ufffd", " Me", "yers", " said", ".", "\n", "\n", "\ufffd", "\ufffd", "Yeah", ".", "\ufffd", "\ufffd", "\n", "\n", "Also", " read", ":", " \ufffd", "\ufffd", "Game", " of", " Thrones", "\ufffd", "\ufffd", " Author", " George", " R", ".", "R", ".", " Martin", " on", " the", " Show", " C", "atching", " Up", " to", " His", " Books", ":", " \ufffd", "\ufffd", "It", "\ufffd", "\ufffd", "s", " Al", "arming", "\ufffd", "\ufffd", "\n", "\n", "Anyone", " on", " the", " show", " can", " die", " at", " any", " time", ".", " He", "ade", "y", " says", " she", " doesn", "\ufffd", "\ufffd", "t", " read", " the", " books", " on", " which", " its", " based", ",", " but", " Me", "yers", " does", ".", " He", " asked", " He", "ade", "y", " to", " read", " his", " face", " for", " spoilers", ".", "\n", "\n", "They", " also", " talked", " about", " her", " hosting", " gig", " on", " \ufffd", "\ufffd", "Ru", "Paul", "\ufffd", "\ufffd", "s", " Drag", " Race", ".", "\ufffd", "\ufffd", " He", "ade", "y", " says", " she", " loves", " drag", ".", " Me", "yers", " observed", " that", " the", " difference", " between", " \ufffd", "\ufffd", "Game", " of", " Thrones", "\ufffd", "\ufffd", " and", " \ufffd", "\ufffd", "Drag", " Race", "\ufffd", "\ufffd", " is", " that", " \ufffd", "\ufffd", "Drag", " Race", "\ufffd", "\ufffd", " has", " \ufffd", "\ufffd", "more", " queens", ".", "\ufffd", "\ufffd", "\n", "\n", "Watch", " the", " interview", ":"]