["This", " is", " a", " rush", " transcript", ".", " Copy", " may", " not", " be", " in", " its", " final", " form", ".", "\n", "\n", "J", "U", "AN", " G", "ON", "Z", "\ufffd", "\ufffd", "LE", "Z", ":", " Im", "prison", "ed", " Army", " whistleblower", " Chelsea", " Manning", " faces", " new", " charges", " after", " she", " tried", " to", " commit", " suicide", " last", " month", ".", " The", " Army", " reportedly", " told", " Manning", " she", " is", " being", " investigated", " on", " administrative", " charges", " that", " include", " having", " prohibited", " property", " in", " her", " cell", " and", " resisting", " being", " moved", " out", " of", " the", " cell", ".", " If", " convicted", ",", " Manning", " could", " face", " indefinite", " solitary", " confinement", " and", " additional", " time", " in", " prison", ".", " It", " could", " also", " hurt", " her", " chance", " of", " parole", ".", "\n", "\n", "AMY", " GOODMAN", ":", " Chelsea", " Manning", " is", " serving", " a", " 35", "-", "year", " sentence", " in", " the", " Dis", "ciplinary", " Barr", "acks", " at", " Fort", " Le", "aven", "worth", ",", " Kansas", ".", " She", " has", " been", " subjected", " to", " long", " stretches", " of", " solitary", " confinement", ",", " denied", " medical", " treatment", " related", " to", " her", " gender", " identity", ".", " In", " a", " newly", " published", " interview", " with", " Amnesty", " International", ",", " Chelsea", " Manning", " said", ",", " quote", ",", " \ufffd", "\ufffd", "I", " am", " always", " afraid", ".", " I", " am", " still", " afraid", " of", " the", " power", " of", " government", ".", " A", " government", " can", " arrest", " you", ".", " It", " can", " imprison", " you", ".", " It", " can", " put", " out", " information", " about", " you", " that", " won", "\ufffd", "\ufffd", "t", " get", " questioned", " by", " the", " public", "\u2014", "everyone", " will", " just", " assume", " that", " what", " they", " are", " saying", " is", " true", ".", " Sometimes", ",", " a", " government", " can", " even", " kill", " you", "\u2014", "with", " or", " without", " the", " benefit", " of", " a", " trial", ",", "\ufffd", "\ufffd", " she", " said", ".", "\n", "\n", "Well", ",", " for", " more", ",", " we", "\ufffd", "\ufffd", "re", " going", " to", " Washington", ",", " D", ".", "C", ".,", " where", " we", "\ufffd", "\ufffd", "re", " joined", " by", " Chase", " Str", "ang", "io", ",", " staff", " attorney", " at", " the", " ACLU", " who", " represents", " Chelsea", " Manning", " in", " a", " lawsuit", " against", " the", " Department", " of", " Defense", ".", "\n", "\n", "Ch", "ase", " Str", "ang", "io", ",", " welcome", " to", " Democracy", " Now", "!", " So", " tell", " us", " what", " is", " happening", ",", " exactly", " where", " Chelsea", " Manning", " is", ".", " Talk", " about", " the", " news", " of", " her", " attempted", " suicide", ",", " her", " hospital", "ization", ",", " and", " what", "\ufffd", "\ufffd", "s", " happening", " now", ".", "\n", "\n", "CH", "ASE", " STR", "ANG", "IO", ":", " Good", " morning", ",", " and", " thank", " you", " for", " having", " me", ".", " So", ",", " Chelsea", " Manning", " has", " really", " spent", " the", " last", " six", " years", " trying", " to", " survive", ",", " working", " to", " contribute", " her", " voice", " to", " the", " public", " discourse", ",", " even", " while", " she", "\ufffd", "\ufffd", "s", " incarcerated", ".", " And", " she", "\ufffd", "\ufffd", "s", " faced", " so", " many", " hardships", " and", " made", ",", " you", " know", ",", " a", " very", " sad", " decision", " on", " July", " 5", "th", " that", " her", " only", " option", " was", " to", " end", " her", " life", ".", " And", " that", " was", " unsuccessful", ",", " but", " now", " she", "\ufffd", "\ufffd", "s", " essentially", " being", " punished", " by", " the", " government", " for", " trying", " to", " die", ",", " after", " so", " many", " times", " being", " punished", " for", " trying", " to", " live", ".", " And", " she", " recently", " was", " given", " a", " charge", " sheet", " indicating", " that", " the", " very", " act", " of", " attempting", " suicide", " was", " going", " to", " result", " in", " administrative", " charges", " against", " her", ".", " And", " this", " charge", " sheet", " was", " given", " to", " her", " while", " she", " is", " still", " in", " a", " medical", ",", " mental", " health", " observation", " unit", " at", " Le", "aven", "worth", ",", " where", " she", " is", " trying", " to", " recover", " and", " get", " the", " treatment", " that", " she", " needs", " from", " the", " suicide", " attempt", " of", " July", " 5", "th", ",", " and", " she", "\ufffd", "\ufffd", "s", " still", " struggling", " to", " regain", " her", " mental", " health", " and", " stability", ".", " And", " in", " the", " midst", " of", " that", ",", " the", " government", " essentially", " says", " to", " her", ",", " \ufffd", "\ufffd", "You", " know", ",", " we", " are", " prepared", " to", " further", " punish", " you", " with", " these", " charges", ".", "\ufffd", "\ufffd", "\n", "\n", "J", "U", "AN", " G", "ON", "Z", "\ufffd", "\ufffd", "LE", "Z", ":", " And", " as", " far", " as", " you", " know", ",", " what", " led", " to", " her", " decision", " to", " try", " to", " take", " her", " life", " on", " July", " 5", "th", "?", "\n", "\n", "CH", "ASE", " STR", "ANG", "IO", ":", " So", ",", " Chelsea", " is", " living", " under", ",", " you", " know", ",", " the", " constant", " surveillance", " and", " denial", " of", " care", " that", " is", " characteristic", " of", " prison", " for", " so", " many", ".", " She", "\ufffd", "\ufffd", "s", " under", " an", " extra", " amount", " of", " scrutiny", " because", " she", " is", " high", "-", "profile", ".", " She", " is", " a", " transgender", " woman", " in", " a", " man", "\ufffd", "\ufffd", "s", " facility", ".", " She", " is", " being", " denied", " healthcare", " related", " to", " her", " very", " well", "-", "documented", " gender", " dysph", "oria", ".", " And", " I", " think", " she", " reached", " this", " moment", " of", " feeling", " like", " the", " only", " agency", " that", " she", " had", " left", " was", " the", " agency", " to", " end", " her", " life", ".", " And", " so", ",", " that", ",", " you", " know", ",", " is", " a", " very", " sad", " and", " unfortunate", " moment", " for", " her", ",", " and", " one", " that", " represents", ",", " I", " think", ",", " the", " dire", " circumstances", " that", " so", " many", " people", " who", " are", " in", " prison", " and", " incarcerated", " in", " various", " ways", " are", " living", " under", ".", " And", " thankfully", ",", " you", " know", ",", " she", " is", " relieved", " to", " be", " alive", ".", " But", " it", " is", " terrifying", " to", " think", " that", " as", " she", " survives", ",", " the", " government", " is", " continuing", " to", " give", " her", " the", " message", " that", " they", " will", " enforce", " punishments", " against", " her", ",", " essentially", ",", " for", " living", ".", "\n", "\n", "AMY", " GOODMAN", ":", " Can", " you", " explain", " the", " conditions", " she", "\ufffd", "\ufffd", "s", " living", " under", "?", " Where", " exactly", " is", " she", "?", " And", " what", " would", " be", " the", " effect", " of", " solitary", " confinement", "?", "\n", "\n", "CH", "ASE", " STR", "ANG", "IO", ":", " So", ",", " right", " now", " she", "\ufffd", "\ufffd", "s", " outside", " of", " general", " population", ",", " though", ",", " prior", " to", " the", " suicide", " attempt", ",", " she", " had", " been", " in", " general", " population", ".", " And", " she", "\ufffd", "\ufffd", "s", " in", " an", " observation", " unit", " where", " she", "\ufffd", "\ufffd", "s", " continuing", " to", " be", " monitored", " and", " ensured", " that", " she", " doesn", "\ufffd", "\ufffd", "t", " take", " further", " action", " to", " take", " her", " life", ".", " She", "\u2014", "\n", "\n", "AMY", " GOODMAN", ":", " And", " the", " name", " of", " the", " prison", " is", "?", "\n", "\n", "CH", "ASE", " STR", "ANG", "IO", ":", " She", "\ufffd", "\ufffd", "s", " at", " the", " Dis", "ciplinary", " Barr", "acks", " at", " Fort", " Le", "aven", "worth", ",", " Kansas", ".", " She", "\ufffd", "\ufffd", "s", " been", " there", " since", " her", " sentencing", " in", " August", " of", " 2013", ".", " It", " is", " a", " military", " facility", " for", " men", ".", " She", " has", ",", " you", " know", ",", " been", " living", " there", " and", " contributing", " to", " public", " life", " through", " her", " writing", " there", ".", " And", " now", " she", "\ufffd", "\ufffd", "s", " in", " a", " separate", " unit", " there", " being", " observed", " for", " her", " mental", " health", " status", ".", "\n", "\n", "I", " think", " one", " of", " the", " big", " concerns", " right", " now", " is", " that", " these", " charges", " that", " she", " is", " facing", " could", " result", " in", " long", "-", "term", " solitary", " confinement", " for", " her", ".", " They", " could", " also", " result", ",", " as", " they", " did", " last", " summer", " in", " comparable", " charges", ",", " in", " the", " denial", " of", " important", " privileges", " like", " access", " to", " phones", ",", " access", " to", " writing", " materials", ",", " access", " to", " law", " library", "\u2014", "the", " very", " things", " that", " Chelsea", " Manning", " uses", " to", " stay", " connected", " to", " the", " world", ".", " And", " those", " are", " the", " things", ",", " the", " human", " connection", " that", " people", " need", " to", " survive", ",", " that", " she", " needs", " to", " survive", ".", " And", " if", " she", " is", " forced", " into", " solitary", " confinement", ",", " which", " could", " be", " indefinite", " under", " the", " terms", " of", " her", " charges", ",", " that", " will", " be", " absolutely", " catastrophic", " to", " her", " mental", " health", ",", " and", " particularly", " at", " this", " moment", ",", " but", " it", " is", " for", " anybody", ",", " as", " the", " U", ".", "N", ".", " has", " repeatedly", " said", ",", " as", " doctors", " and", " other", " mental", " health", " providers", " have", " recognized", ".", " It", " is", " a", " completely", " in", "humane", " form", " of", " punishment", " that", " is", " used", " far", " too", " often", " in", " our", " country", ".", "\n", "\n", "J", "U", "AN", " G", "ON", "Z", "\ufffd", "\ufffd", "LE", "Z", ":", " Now", ",", " you", " said", " she", " was", " in", " a", "\u2014", "for", " a", " while", ",", " in", " general", " population", " in", " a", " facility", " for", " men", ".", " So", ",", " to", " what", " degree", " is", " the", " government", " recognizing", " or", " not", " recognizing", " her", " gender", " identity", "?", "\n", "\n", "CH", "ASE", " STR", "ANG", "IO", ":", " I", " think", " there", "\ufffd", "\ufffd", "s", " a", " paradox", " across", " the", " country", " in", " this", " idea", " that", " our", " federal", " government", " and", " many", " state", " governments", " will", " honor", " and", " recognize", " the", " gender", " identity", " of", " transgender", " people", ",", " unless", " and", " until", " they", " are", " faced", " with", " incarceration", ".", " And", " so", ",", " Chelsea", " Manning", " has", " been", " recognized", " as", " female", " by", " the", " government", ",", " but", " they", " continue", " to", " impose", " upon", " her", " both", " the", " male", " housing", " facility", ",", " in", " the", " form", " of", " the", " Dis", "ciplinary", " Barr", "acks", " at", " Le", "aven", "worth", ",", " but", " they", "\ufffd", "\ufffd", "re", " also", " forcing", " her", " to", " maintain", " her", " male", "\u2014", "the", " male", " hair", " length", " standards", " and", " grooming", " standards", ".", " And", " that", " is", " something", " that", " we", "\ufffd", "\ufffd", "re", " fighting", " in", " court", ".", " And", " the", " per", "ils", " and", " the", " damages", " of", " being", " forced", " to", " be", " punished", " through", " the", " denial", " of", " your", " core", " identity", " is", " something", " that", " has", " led", " to", " her", " depression", ".", " It", "\ufffd", "\ufffd", "s", " imper", "iled", " her", " health", ".", " And", " it", "\ufffd", "\ufffd", "s", " something", " that", " many", " transgender", " people", " across", " the", " country", " are", " facing", " on", " a", " daily", " basis", ".", "\n", "\n", "AMY", " GOODMAN", ":", " Very", " quickly", "\u2014", "we", " have", " 30", " seconds", "\u2014", "talk", " about", " HB", " 2", " and", " the", " hearing", " this", " week", ".", "\n", "\n", "CH", "ASE", " STR", "ANG", "IO", ":", " So", ",", " in", " North", " Carolina", ",", " the", " ACLU", " and", " Lamb", "da", " Legal", " are", " headed", " to", " trial", " against", " North", " Carolina", "\ufffd", "\ufffd", "s", " anti", "-", "trans", " law", ".", " We", " had", " our", " first", " hearing", " this", " week", " down", " in", " North", " Carolina", ".", " It", " is", " going", " to", " be", " an", " ongoing", " fight", " to", " take", " down", " that", " law", " and", " other", " anti", "-", "trans", " laws", ".", " And", " we", "\ufffd", "\ufffd", "re", " going", " to", " be", " doing", " that", " in", " the", " context", " in", " which", " we", " know", " that", " so", " many", " trans", " women", " of", " color", " are", " being", " murdered", " on", " the", " streets", ".", " And", " we", " have", " a", " responsibility", " to", " fight", " back", " against", " all", " of", " the", " ways", " our", " communities", " continue", " to", " be", " targeted", " and", " killed", "\u2014", "in", " prisons", ",", " by", " laws", " and", " by", " people", " on", " the", " streets", ".", "\n", "\n", "AMY", " GOODMAN", ":", " Chase", ",", " we", "\ufffd", "\ufffd", "re", " going", " to", " continue", " this", " interview", " right", " after", " the", " show", ",", " and", " we", "\ufffd", "\ufffd", "re", " g", "ion", "g", " to", " post", " it", " online", " at", " democracy", "now", ".", "org", ".", " Chase", " Str", "ang", "io", " is", " staff", " attorney", " at", " the", " ACLU", ",", " representing", " Chelsea", " Manning", " in", " a", " lawsuit", " against", " the", " Pentagon", "."]