["A", ".", "B", ".", " said", ":", " How", " difficult", " is", " it", " to", " isolate", " the", " factor", " that", "'s", " responsible", "?", " Can", " we", " look", " forward", " to", " a", " paper", " on", " this", " in", " next", " year", "?", "\n\n", "\n", "\n", "Sounds", " like", " the", " proverbial", " smoking", " gun", "!", " Click", " to", " expand", "...", "\n", "\n", "ash", "07", "87", " said", ":", " I", " think", " someone", " said", " that", " r", "on", " was", " already", " working", " on", " it", ",", " might", " be", " possible", " to", " figure", " out", " using", " metabol", "omics", "?", "\n", "\n", "c", "ant", " imagine", " its", " going", " to", " be", " easy", ".", " Click", " to", " expand", "...", "\n", "\n", "ash", "07", "87", " said", ":", " I", " think", " this", " rules", " out", " the", " argument", " that", " a", " metabolic", " process", " within", " the", " cells", " is", " broken", " though", " and", " the", " cells", " are", " shutting", " down", " to", " prevent", " damage", " (", " one", " of", " the", " triggers", " suggested", " in", " the", " d", "auer", " state", " hypothesis", " )", " Click", " to", " expand", "...", "\n", "\n", "Che", "es", "us", " said", ":", " if", " the", " two", " things", " have", " the", " same", " cause", ",", " this", " would", " suggest", " it", " is", " something", " more", " broadly", " harmful", " than", " an", " auto", "ant", "ib", "ody", ".", " Lip", "opoly", "sac", "char", "ide", "?", "\n\n", "\n", "\n", "Or", " perhaps", " mitochondrial", " dysfunction", " has", " a", " broad", " effect", " across", " a", " number", " of", " different", " cell", "-", "types", "...?", " Click", " to", " expand", "...", "\n", "\n", "t", "ania", "a", "ust", "1", " said", ":", " what", " the", " implications", " then", " have", " been", " to", " those", " we", " have", " donated", " blood", " too", "?", " Click", " to", " expand", "...", "\n", "\n", "Bear", " in", " mind", " that", " Fl", "uge", " and", " M", "ella", " already", " presented", " (", "probably", ")", " all", " of", " this", " in", " Norwegian", ":", " translated", ",", " here", ".", " As", " reported", " on", " by", " Cort", " in", " this", " article", ",", " stemming", " from", " this", " PR", " thread", " I", " imagine", " (", "i", ".", "e", ".", " speculate", " that", ")", " their", " dysfunction", " measure", " could", " have", " been", " direct", " measurements", " of", " cellular", " metabolism", ",", " like", " the", " methods", " used", " by", " the", " group", " that", " found", " elevated", " ATP", " production", ".", " Or", ",", " during", " the", " conference", ",", " Jon", " D", ".", " Kaiser", " MD", " mentioned", " Ag", "il", "ent", "'s", " '", "S", "eah", "orse", "'", " equipment", " (", " their", " site", " with", " informative", " videos", " and", " diagrams", " ),", " which", " seems", " to", " be", " an", " off", " the", " shelf", " solution", " for", " measuring", " oxygen", " consumption", " rate", " (", "and", " acid", "ity", ")", " from", " a", " tiny", " (", "single", ")", " layer", " of", " sampled", " cells", ",", " in", " real", " time", " (", "to", " assess", " gly", "col", "osis", " rate", ",", " etc", ").", "So", " something", " like", " that", ",", " no", " need", " for", " Ron", "'s", " magical", " new", " single", " cell", " exercise", " endurance", " testing", " g", "iz", "mo", " (", "although", " that", " sounds", " more", " awesome", ").", " This", " comes", " from", " one", " of", " the", " panels", " which", " had", " a", " video", " steam", " up", " on", " OM", "F", " Facebook", " page", " and", " I", " made", " notes", " on", " here", " Ron", " was", " also", " talking", " there", " (", "I", " think", ")", " about", " '", "f", "raction", "al", "ising", "'", " blood", ",", " to", " hone", " in", " on", " the", " problematic", " blood", " factor", " (", "i", ".", "e", ".", " repeatedly", " filtering", " out", ",", " separating", ",", " half", " the", " remaining", " types", " of", " stuff", " and", " ret", "esting", " it", "'s", " effect", ",", " etc", ").", " And", " quite", " possibly", " he", " (", "and", " M", "ella", "/", "Fl", "uge", ")", " are", " already", " into", " something", " like", " this", "...", "It", " would", " be", ",", " and", " see", " Cort", "'s", " last", " tweet", " (", "within", " \"", "one", " year", "\"", " hype", "):", "Depending", " on", " what", " kind", " of", " factor", " it", " turns", " out", " to", " be", " (", "if", " they", " are", " right", "),", " and", " Ron", " also", " conceded", " it", " could", " be", " something", " missing", ",", " at", " this", " point", ",", " then", " a", " metabol", "omics", " blood", " test", ",", " or", " even", " narrower", " metabol", "ite", " test", ",", " might", " well", " be", " sufficient", ".", " But", " if", " it", "'s", " an", " antibody", ",", " or", " ill", "usive", " chemical", " signal", ",", " I", " don", "'t", " now", ".", "I", "'m", " not", " so", " sure", ".", " no", " cell", " exists", " in", " isolation", ",", " the", " metabolic", " substr", "ates", " are", " mostly", " shared", " via", " blood", ".", " And", " anything", " attacking", "/", "imp", "acting", " the", " mitochond", "ria", " directly", " might", " trigger", " it", " into", " some", " level", " of", " cell", " defense", " mode", ",", " certainly", " there", " is", " a", " shift", " away", " from", " aerobic", " mitochondrial", " Ox", "Ph", "os", " and", " that", "'s", " quite", " likely", " to", " be", " self", " imposed", " to", " some", " extent", ".", "I", " think", " there", " was", " someone", " at", " the", " conference", " pushing", " for", " the", " word", " \"", "inflamm", "ation", "\"", " to", " be", " included", " in", " (", "a", " name", " for", ")", " C", "FS", "/", "ME", "?", " But", " not", " acute", " inflammation", ",", " presumably", ",", " some", " more", " subtle", " mix", " of", " altered", " cytok", "ines", ",", " other", " signaling", " molecules", ",", " various", " metabol", "ite", " balances", " and", " immune", " cell", " balances", " and", " activation", " states", "...", " And", " then", " (", "I", "'m", " not", " sure", " if", " there", "'s", ")", " overlap", " with", " (", "blood", " borne", ")", " oxidative", " stress", "...?", "Maybe", ".", " Maybe", " the", " blo", "oming", " and", " death", " debris", " of", " blood", " borne", " bacteria", " that", " aren", "'t", " as", " rare", " as", " we", " thought", ",", " or", " L", "PS", " via", " transl", "ocation", " from", " gut", ".", "Imm", "une", " cells", " are", " supposed", " to", " use", " their", " mitochond", "ria", " very", " differently", " to", " most", " other", " cells", ",", " less", " so", " for", " energy", ",", " but", " don", "'t", " know", " if", " that", " would", " make", " them", " less", " sensitive", " to", " reduced", " capacity", ".", " And", " other", ",", " as", " yet", " poorly", " understood", " signalling", "/", "s", "ensing", " functions", " might", " still", " be", " in", " play", "...?", "My", "is", " that", " the", " problem", " won", "'t", " be", " infectious", " in", " that", " way", ",", " in", " that", " a", " particular", " blood", " component", " (", "e", ".", "g", ".", " plasma", ")", " might", " introduce", " a", " C", "FS", "-", "like", " blood", " borne", " stress", " on", " the", " recipient", ",", " but", " it", " would", " be", " transient", ",", " or", " immediately", " diluted", " away", ".", " Red", " blood", " cells", " alone", " are", " surely", " unlikely", " to", " cause", " additional", " issue", " (", "be", "yond", " the", " general", " \"", "cont", "rovers", "y", "\"", " over", " efficacy", " of", " transf", "usions", " ).", " I", " don", "'t", " know", " if", ",", " don", "'t", " think", " that", ",", " B", "-", "cells", ",", " for", " example", ",", " are", " transf", "used", " at", " all", " (", "the", " ones", " wiped", " out", " by", " R", "it", "ux", "im", "ab", ",", " with", " some", " success", ").", " Any", " that", " got", " through", " would", " presumably", " be", " mo", "pped", " up", " by", " the", " recipient", "'s", " immune", " system", ".", " I", " don", "'t", " think", " you", " can", " transfer", " any", " known", " auto", "-", "immune", " diseases", ",", " for", " example", "..."]