["The", " revised", " Silver", "stone", " Arena", " Circuit", ",", " which", " will", " hold", " the", " 2010", " British", " Grand", " Prix", ",", " was", " formally", " opened", " today", " by", " the", " Duke", " of", " York", " in", " a", " ceremony", " at", " the", " track", ".", "\n", "\n", "BR", "DC", " President", " Damon", " Hill", " drove", " the", " Duke", " around", " the", " circuit", ".", " Current", " and", " past", " F", "1", " drivers", " were", " on", " hand", " for", " the", " unveiling", " of", " the", " track", " including", " Mark", " Web", "ber", " and", " David", " Coul", "th", "ard", ".", "\n", "\n", "Web", "ber", " praised", " the", " new", " circuit", " and", " said", " he", " expects", " it", " to", " play", " to", " the", " strengths", " of", " his", " Red", " Bull", " RB", "6", ":", "\n", "\n", "I", " think", " the", " track", " will", " suit", " our", " car", ".", " We", "\ufffd", "\ufffd", "re", " competitive", " at", " all", " circuits", " at", " the", " moment", ",", " and", " the", " new", " section", " has", " high", "-", "speed", " and", " low", "-", "speed", " corners", ".", " It", "\ufffd", "\ufffd", "s", " also", " got", " some", " und", "ulation", " which", " is", " hard", " to", " see", " we", "\ufffd", "\ufffd", "ll", " definitely", " notice", " it", " in", " the", " F", "1", " cars", ".", "\n", "\n", "Mark", " Web", "ber", "\n", "\n", "Red", " Bull", " estimate", " F", "1", " cars", " will", " hit", " 185", "mph", " through", " the", " two", " fast", " corners", " which", " direct", " them", " off", " the", " old", " track", ".", " The", " right", "-", "hander", " keeps", " the", " name", " Abbey", ",", " and", " the", " left", "-", "hander", " it", " feeds", " into", " is", " called", " Farm", ".", "\n", "\n", "They", " are", " now", " followed", " by", " a", " sharp", " right", " at", " Village", ",", " then", " a", " pair", " of", " left", "-", "hand", "ers", " called", " The", " Loop", ".", " From", " there", " the", " cars", " re", "-", "join", " the", " existing", " track", " via", " the", " Wellington", " Straight", ",", " which", " could", " surpass", " the", " Hang", "ar", " Straight", " as", " the", " fastest", " point", " on", " the", " Silver", "stone", " circuit", " when", " the", " F", "1", " cars", " race", " there", " in", " July", ".", "\n", "\n", "The", " revised", " track", " is", " expected", " to", " have", " a", " similar", " average", " speed", " to", " the", " previous", " track", ",", " with", " a", " slightly", " longer", " lap", " time", ".", "\n", "\n", "David", " Coul", "th", "ard", " became", " the", " first", " person", " to", " drive", " an", " F", "1", " car", " around", " the", " new", " circuit", " after", " its", " official", " opening", ",", " pilot", "ing", " the", " Red", " Bull", " running", " show", "car", ".", " His", " first", " impressions", " of", " the", " new", " section", " were", " positive", " and", " he", " feels", " the", " track", " has", " retained", " its", " high", "-", "speed", " character", ":", "\n", "\n", "It", "\ufffd", "\ufffd", "s", " very", " fast", " on", " the", " way", " into", " Abbey", ".", " But", " we", " still", " have", " all", " the", " hall", "marks", " of", " the", " original", " circuit", ".", " The", " corners", " are", " very", " high", " speed", " and", " some", " of", " the", " entries", " are", " blind", " because", " it", "\ufffd", "\ufffd", "s", " built", " on", " an", " air", "field", ".", "\n", "\n", "David", " Coul", "th", "ard", "\n", "\n", "Dam", "on", " Hill", " praised", " the", " construction", " work", " done", " to", " prepare", " the", " new", " circuit", " \u2013", " with", " one", " access", " road", " only", " being", " completed", " the", " day", " before", " the", " opening", ".", " A", " harsh", " winter", " with", " weeks", " of", " heavy", " snow", " delayed", " the", " building", " work", ".", " Hill", " said", ":", "\n", "\n", "The", " team", " have", " done", " a", " fantastic", " job", " under", " very", " difficult", " circumstances", ".", "\n", "\n", "Dam", "on", " Hill", "\n", "\n", "He", " also", " declared", " his", " relief", " that", " after", " years", " of", " dispute", " Silver", "stone", " finally", " has", " a", " long", "-", "term", " contract", " to", " hold", " the", " British", " Grand", " Prix", ":", "\n", "\n", "We", "\ufffd", "\ufffd", "re", " very", " happy", " we", "\ufffd", "\ufffd", "ve", " beaten", " down", " Mr", " Ecc", "l", "estone", " as", " far", " as", " possible", " to", " get", " as", " good", " a", " deal", " we", " can", " on", " this", " ten", " year", " contract", ",", " with", " a", " potential", " extension", " for", " 17", " years", ".", " We", " are", " now", " the", " only", " private", " enterprise", " running", " a", " Grand", " Prix", ".", " Now", " we", " have", " a", " new", " circuit", " for", " a", " new", " generation", " of", " people", " to", " enjoy", " motor", " sport", " the", " way", " we", " think", " they", " should", ".", "\n", "\n", "Dam", "on", " Hill", "\n", "\n", "The", " circuit", " extension", " was", " formally", " opened", " by", " the", " Duke", " of", " York", " who", " said", ":", "\n", "\n", "High", " performance", " engineering", " is", " very", " important", " to", " the", " UK", " economy", ".", " Motor", " sport", " is", " at", " the", " pinnacle", " of", " this", " industry", " and", " it", "\ufffd", "\ufffd", "s", " through", " events", " like", " Formula", " 1", " and", " bikes", " that", " we", " can", " demonstrate", " our", " expertise", ".", " I", " hope", " the", " future", " will", " be", " bright", " for", " Formula", " 1", " and", " high", " performance", " engineering", " in", " the", " UK", ".", "\n", "\n", "He", " was", " later", " taken", " around", " the", " track", " in", " a", " two", "-", "se", "ater", " racing", " car", " by", " Hill", ".", " \ufffd", "\ufffd", "He", " hasn", "\ufffd", "\ufffd", "t", " been", " around", " the", " circuit", " yet", "\ufffd", "\ufffd", " said", " the", " Duke", ".", " \ufffd", "\ufffd", "I", "\ufffd", "\ufffd", "m", " not", " sure", " what", " I", "\ufffd", "\ufffd", "m", " letting", " myself", " in", " for", ".", "\ufffd", "\ufffd", "\n", "\n", "Silver", "stone", " managing", " director", " Richard", " Phillips", " explained", " that", " the", " need", " to", " re", "-", "config", "ure", " the", " track", " came", " from", " the", " desire", " to", " accommodate", " Moto", " GP", ",", " which", " has", " moved", " its", " British", " round", " from", " Don", "ington", " to", " Silver", "stone", ":", "\n", "\n", "The", " old", " bike", " circuit", " with", " the", " chic", "ane", " in", " front", " of", " the", " pits", " wasn", "\ufffd", "\ufffd", "t", " very", " well", "-", "l", "iked", ".", " This", " whole", " section", " was", " needed", " so", " that", " we", " could", " avoid", " Bridge", ".", " More", " work", " will", " be", " done", " before", " the", " Grand", " Prix", ".", " The", " grand", "stand", " in", " front", " of", " Village", " will", " be", " ten", " times", " larger", " and", " raised", " higher", " to", " improve", " the", " sight", " lines", " for", " the", " spectators", ".", " It", "\ufffd", "\ufffd", "s", " been", " inspected", " by", " FIA", " and", " has", " grade", " one", " licence", " for", " the", " next", " three", " years", ".", " Bernie", " Ecc", "l", "estone", " has", " said", " he", " likes", " the", " track", " but", " he", " hasn", "\ufffd", "\ufffd", "t", " been", " to", " see", " it", " yet", ".", " It", " would", " have", " been", " nice", " to", " see", " him", " here", " today", ",", " but", " he", " doesn", "\ufffd", "\ufffd", "t", " like", " large", " gatherings", ".", "\n", "\n", "Richard", " Phillips", "\n", "\n", "The", " Silver", "stone", " Arena", " track", " will", " hold", " its", " first", " major", " international", " race", " meeting", " this", " weekend", " \u2013", " the", " GT", "1", " series", " \u2013", " ahead", " of", " the", " British", " Grand", " Prix", " in", " July", ".", "\n", "\n", "Update", ":", " Read", " more", " of", " Phillips", "\ufffd", "\ufffd", " thoughts", " on", " the", " track", " here", ":", " Silver", "stone", " boss", " explains", " why", " they", " didn", "?", "\ufffd\ufffd\ufffd\ufffd", "\ufffd\ufffd", "t", " use", " Til", "ke", " for", " Arena", " track", " upgrades", "\n", "\n", "Silver", "stone", " Arena", " launch", " pictures", "\n", "\n", "Silver", "stone", " Arena", " circuit"]