["Dragon", " Quest", " X", " Battle", " System", " Det", "ailed", ",", " New", " Sc", "reenshots", " Released", ".", "\n", "\n", "Alex", "a", " Ray", " Cor", "rie", "a", " November", " 9", ",", " 2011", " 2", ":", "00", ":", "20", " PM", " EST", "\n", "\n", "Square", " Enix", " has", " released", " more", " information", " on", " the", " battle", " system", " of", " the", " upcoming", " online", " JR", "PG", " Dragon", " Quest", " X", ",", " slated", " for", " release", " in", " Japan", " for", " the", " Wii", " in", " spring", " 2", "102", " and", " the", " Wii", " U", " at", " a", " later", " time", ".", "\n", "\n", "The", " system", " allows", " battles", " to", " progress", " in", " real", " time", " while", " maintaining", " the", " traditional", " command", "-", "driven", " scheme", " of", " classical", " RPGs", ".", " Players", " do", " not", " have", " to", " wait", " for", " all", " fighters", " to", " enter", " battle", " commands", " before", " taking", " action", " and", " will", " have", " to", " think", " quickly", " in", " executing", " attacks", ",", " creating", " a", " realistic", " battle", " experience", ".", "\n", "\n", "There", " are", " five", " different", " commands", " for", " players", " to", " choose", " from", " in", " battle", ":", "\n", "\n", "Attack", ":", " Players", " use", " a", " basic", " weapon", " to", " directly", " attack", " opponents", ".", "\n", "\n", "Spell", "s", ":", " Players", " attack", " the", " enemy", " using", " magic", " spells", ".", "\n", "\n", "Special", " Skill", ":", " Players", " use", " specialized", " acquired", " skills", " that", " are", " unique", " to", " each", " character", ".", "\n", "\n", "Tools", ":", " Players", " use", " specific", " tools", " to", " perform", " actions", " such", " a", " s", " recovering", " health", " or", " aiding", " another", " party", " member", ".", "\n", "\n", "Tact", "ics", ":", " Players", " team", " up", " with", " another", " party", " member", " to", " execute", " an", " attack", ".", "\n", "\n", "Combat", " is", " initiated", " by", " approaching", " monsters", " that", " are", " always", " visible", " on", " field", ".", " While", " there", " is", " no", " \ufffd", "\ufffd", "Run", " Away", "\ufffd", "\ufffd", " command", ",", " if", " the", " enemy", " is", " too", " much", " to", " handle", " players", " can", " run", " out", " of", " the", " combat", " area", " to", " end", " the", " fight", ".", " Monsters", " you", " defeat", " will", " occasionally", " drop", " treasure", ".", "\n", "\n", "A", " variety", " of", " spells", " will", " be", " available", ",", " including", " those", " that", " will", " allow", " to", " identify", " the", " weaknesses", " of", " the", " enemy", " and", " crowd", " control", " ones", " like", "Sleep", " and", " Par", "alysis", ".", "\n", "\n", "In", " addition", " to", " the", " information", " about", " combat", ",", " Square", " Enix", " also", " showcased", " the", " Dow", "ach", "ak", "ka", " Continent", ",", " home", " of", " the", " Dwar", "fs", ".", " Dow", "ach", "ak", "ka", " is", " mostly", " volcanic", " and", " desolate", ",", " covered", " by", " vast", " deserts", ".", " Despite", " it", "\ufffd", "\ufffd", "s", " inh", "osp", "itable", " nature", ",", " it", "\ufffd", "\ufffd", "s", " also", " very", " rich", " in", " history", " and", " in", " natural", " resources", " like", " gems", " and", " minerals", ".", " Sand", "storms", " happen", " frequently", ",", " and", " it", "\ufffd", "\ufffd", "s", " even", " possible", " to", " explore", " the", " deep", " bow", "els", " of", " lava", "-", "sp", "ew", "ing", " volcan", "oes", ".", "\n", "\n", "The", " cities", " of", " the", " dwar", "fs", " still", " show", " the", " spl", "endor", " of", " the", " ancient", " kingdom", " of", " Dor", "w", "am", ",", " but", " such", " shine", " is", " rapidly", " fading", ",", " as", " the", " legendary", " dwar", "fish", " ore", " processing", " technology", ",", " passed", " down", " from", " father", " to", " son", " and", " greed", "ily", " kept", " secret", ",", " is", " gradually", " being", " forgotten", ".", "\n", "\n", "As", " a", " result", " the", " many", " mining", " towns", " are", " being", " abandoned", " and", " the", " whole", " ancient", " and", " glorious", " civilization", " of", " the", " dwar", "fs", " is", " in", " decline", ".", "\n", "\n", "Finally", ",", " Square", " Enix", " also", " shared", " some", " new", " screenshots", ",", " that", " you", " can", " enjoy", " in", " the", " gallery", " below", ":"]