["\n", "\n", "Additional", " Notes", "\n\n", "\n", "\n", "Card", " Size", ":", " Rarity", " Card", " Size", ":", " Small", " Large", " 2", "nd", " sort", ":", " Name", " Sav", "ed", " Card", " Pool", " From", " Magic", " Draft", "ing", " Card", " Pool", " Simulator", "\n", "\n", "Like", " our", " generator", "?", " Please", " tell", " your", " friends", "!", "\n\n", "\n\n", "\n", "\n", "Card", " Pool", " (", "click", " cards", " to", " add", " to", " deck", " list", ")", "\n\n", "\n\n", "\n", "\n", "Show", " Basic", " Lands", "\n\n", "\n", "\n", "(", "For", " deck", "building", ")", " Mana", " Curve", "\n\n", "\n", "\n", "De", "ck", " List", " (", "click", " cards", " to", " move", " back", " to", " pool", ")", " Deck", " Count", ":", " 0", " (", "click", " cards", " to", " move", " back", " to", " pool", ")", "\n\n", "\n", "\n", "Text", " Version", " of", " Card", " Pool", " (", "click", " to", " select", " all", ")", "\n", "\n", "1", " Ab", "zan", " Guide", " 1", " Warden", " of", " the", " Eye", " 2", " Ab", "omination", " of", " G", "ud", "ul", " 6", " Butcher", " of", " the", " Horde", " 1", " M", "ard", "u", " Charm", " 1", " Pony", "back", " Brigade", " 1", " Trap", " Essence", " 1", " Bear", "'s", " Companion", " 1", " Tem", "ur", " Charm", " 2", " Snow", "horn", " Rider", " 1", " End", " Host", "ilities", " 1", " Ab", "zan", " Falcon", "er", " 1", " Susp", "ension", " Field", " 1", " Ain", "ok", " Bond", "-", "Kin", " 1", " Al", "ab", "aster", " Kirin", " 1", " Def", "iant", " Strike", " 1", " Fire", "ho", "of", " Cal", "v", "ary", " 2", " Kill", " Shot", " 1", " M", "ard", "u", " H", "ord", "ech", "ief", " 2", " Rush", " of", " Battle", " 1", " Siege", "craft", " 1", " War", " Be", "hemoth", " 1", " I", "cy", " Blast", " 1", " Set", " Ad", "rift", " 1", " Stub", "born", " Den", "ial", " 1", " Cancel", " 2", " Dis", "dain", "ful", " Stro", "ke", " 1", " Mystic", " of", " the", " Hidden", " Way", " 1", " Sing", "ing", " Bell", " Strike", " 1", " K", "her", "u", " Blood", "s", "ucker", " 1", " Mol", "ting", " Sn", "akes", "kin", " 1", " Rak", "sh", "asa", "'s", " Secret", " 1", " Rot", "ting", " Mast", "odon", " 1", " Thro", "ttle", " 6", " Un", "y", "ielding", " K", "rum", "ar", " 1", " Sark", "han", ",", " the", " Dragons", "pe", "aker", " 1", " Arc", " Lightning", " 1", " Mon", "astery", " Sw", "ifts", "pe", "ar", " 2", " Ain", "ok", " Tracker", " 1", " Bar", "rage", " of", " B", "ould", "ers", " 3", " Summit", " P", "row", "ler", " 1", " Swift", " Kick", " 1", " Valley", " Das", "her", " 1", " Trail", " of", " Mystery", " 1", " Ro", "ar", " of", " Challenge", " 1", " Alpine", " Grizz", "ly", " 1", " Ar", "chers", "'", " Par", "ap", "et", " 1", " Dragons", "cale", " B", "oon", " 1", " Kin", "-", "Tree", " Warden", " 2", " Long", "shot", " Squad", " 2", " Smoke", " T", "eller", " 1", " Tus", "ked", " Col", "oss", "odon", " 1", " Wo", "olly", " L", "ox", "odon", " 1", " Chief", " of", " the", " Edge", " 1", " Death", " Frenzy", " 1", " Kin", "-", "Tree", " Inv", "ocation", " 1", " Winter", "flame", " 1", " Witness", " of", " the", " Ages", " 1", " Ab", "zan", " Banner", " 1", " Lens", " of", " Cl", "arity", " 1", " S", "ult", "ai", " Banner", " 2", " Blood", "fell", " C", "aves", " 1", " Jungle", " Hollow", "\n\n", "\n", "\n", "This", " pool", " was", " generated", " using", " our", " sealed", " card", " pool", " generator", "Start", " new", ":", " Modern", " Masters", " 2", " Se", "aled", " Pool"]