["Spell", " Better", " for", " iPad", " -", " Liter", "acy", " Support", " for", " Dys", "lex", "ia", "\n", "\n", "\ufffd", "\ufffd", " This", " app", " transforms", " struggling", " writers", " and", " gives", " them", " confidence", " in", " their", " writing", " ability", ".", " \ufffd", "\ufffd", "\n", "\n", "S", "ally", " Floyd", ",", " Liter", "acy", " Resource", " Teacher", ",", " Apple", " Dist", "inguished", " Educ", "ator", " \ufffd", "\ufffd", "\ufffd", "\n", "\n", "Tr", "usted", " by", ":", "\n\n", "\n\n", "\n\n", "\n\n", "\n\n", "\n\n", "\n", "\n", "Document", "ation", " &", " Getting", " Started", "\n", "\n", "\u2666", " Email", " the", " developer", " with", " any", " questions", " or", " ideas", ".", "\n", "\n", "\u25ba", " Dys", "lex", "ia", " Features", " and", " Types", " of", " Spe", "lling", " mistakes", "\n", "\n", "Spell", " Better", " offers", " a", " wealth", " of", " features", " to", " support", " struggling", " writers", " with", " Dys", "lex", "ia", ".", " Typ", "ing", " and", " word", " prediction", " both", " come", " with", " audio", " support", ",", " letting", " you", " hear", " words", " and", " sentences", " as", " they", " are", " written", " out", ",", " or", " even", " before", " selecting", " them", ".", " The", " Text", "-", "to", "-", "Spe", "ech", " comes", " with", " word", " highlighting", " and", " Spell", " Better", " includes", " a", " range", " of", " fonts", " designed", " for", " read", "ability", " and", " support", " for", " low", " vision", ".", "\n", "\n", "The", " word", " prediction", " and", " advanced", " spell", " checking", " features", " have", " been", " trained", " to", " specifically", " spot", " and", " correct", " the", " types", " of", " errors", " that", " students", " with", " dys", "lex", "ia", " and", " dys", "graph", "ia", " tend", " to", " make", ".", "\n", "\n", "In", " addition", " to", " common", " spelling", " mistakes", ",", " Spell", " Better", " will", " catch", " and", " correct", " the", " following", " complex", " errors", ":", "\n", "\n", "Ph", "on", "etic", " spelling", " errors", " (", " pres", "h", "ius", " \u2192", " precious", ",", " pet", "urs", " \u2192", " pictures", " )", "\n", "\n", "\u2192", ",", " \u2192", " )", " Real", "-", "word", " spelling", " errors", " (", " peace", " \u2192", " piece", " ).", "\n", "\n", "\u2192", " ).", " Word", " boundary", " errors", " (", " very", "nice", " \u2192", " very", " nice", " )", "\n", "\n", "\u2192", " )", " Letter", " reversal", " and", " trans", "posal", "\n", "\n", "Sk", "ipped", " and", " repeated", " letters", " (", " proble", "y", " \u2192", " probably", " )", "\n", "\n", "\u2192", " )", " Hom", "ophone", " substit", "utions", "\n", "\n", "Missing", " or", " substituted", " vow", "els", " (\"", "Th", "s", " is", " r", "ly", " am", "z", "ng", "\"", " \u2192", " \"", "This", " is", " really", " amazing", "\")", "\n", "\n", "In", "correct", "ly", " conj", "ug", "ated", " irregular", " verbs", " (", " throw", "ed", " \u2192", " threw", " ).", "\n", "\n", "Spell", " Better", " has", " been", " built", " from", " the", " ground", " up", " to", " catch", " and", " correct", " complex", " orth", "ographic", " errors", ".", " It", " does", " all", " of", " the", " above", " while", " paying", " attention", " to", " the", " context", " of", " the", " sentence", ".", " It", " will", " correct", " many", " of", " these", " as", " they", " are", " being", " typed", ",", " while", " others", " are", " corrected", " when", " the", " spell", " check", "er", " is", " tapped", ".", "\n", "\n", "Bottom", " line", ":", " Spell", " Better", " will", " take", " this", " sentence", ":", "\n", "\n", "\u2192", " I", " throw", "ed", " the", " d", "all", " to", " my", " c", "uz", "in", " and", " w", "nt", " im", "side", " to", " ah", "ve", " a", " peace", " of", "cake", ".", "\n", "\n", "And", " correct", " it", " to", ":", "\n", "\n", "\u2192", " I", " threw", " the", " ball", " to", " my", " cousin", " and", " went", " inside", " to", " have", " a", " piece", " of", " cake", ".", "\n", "\n", "And", " it", "'ll", " do", " most", " of", " the", " corrections", " dynamically", ",", " as", " the", " sentence", " is", " being", " typed", ".", "\n", "\n", "Spell", " Better", " contains", " seven", " font", " choices", ".", " Two", " of", " these", " fonts", " have", " been", " designed", " specifically", " for", " Dys", "lex", "ia", " -", " Open", " Dys", "lex", "ic", " (", "op", "end", "ys", "lex", "ic", ".", "org", ")", " and", " Lex", "ia", " Read", "able", ".", " Text", " size", " for", " all", " fonts", " can", " be", " increased", " all", " the", " way", " up", " to", " 200", "pt", "s", " to", " support", " low", " vision", ".", "\n", "\n", "\ufffd", "\ufffd", " Back", " to", " top", " \ufffd", "\ufffd", "\n", "\n", "\u25ba", " Getting", " started", " with", " Spell", " Better", "\n", "\n", "Spell", " Better", " is", " intuitive", " and", " easy", "-", "to", "-", "use", ".", "\n", "\n", "Launch", " Spell", " Better", " and", " start", " typing", ".", " Tap", " on", " a", " suggested", " completion", " or", " predicted", " word", " to", " accept", " it", " and", " send", " it", " to", " the", " editor", ".", "\n", "\n", ".", " Tap", " on", " a", " suggested", " completion", " or", " predicted", " word", " to", " accept", " it", " and", " send", " it", " to", " the", " editor", ".", " Tap", "-", "and", "-", "hold", " (", "long", "-", "press", ")", " on", " a", " suggested", " word", " to", " see", " it", "'s", " definition", ".", "\n", "\n", "(", "long", "-", "press", ")", " on", " a", " suggested", " word", " to", " see", " it", "'s", ".", " Tap", " the", " magn", "ifying", " glass", " (", "spell", " check", " icon", ")", " to", " run", " the", " powerful", " spell", "-", "check", "er", ".", "\n", "\n", "(", "spell", " check", " icon", ")", " to", " run", " the", " powerful", ".", " Accept", " corrections", " by", " tapping", " on", " the", " suggested", " words", ";", " the", " spell", " check", "er", " will", " continue", ".", "\n", "\n", "Tap", "-", "and", "-", "hold", " (", "long", "-", "press", ")", " on", " the", " Spell", " Check", " icon", " and", " tap", " on", " the", " \"", "Learn", "\"", " or", " \"", "Ign", "ore", "\"", " buttons", " if", " you", " would", " like", " Spell", " Better", " to", " move", " on", " by", " learning", " a", " new", " word", " or", " ignoring", " it", " for", " this", " spell", " check", " session", " (", "e", ".", "g", ".", " if", " it", " has", " highlighted", " a", " proper", " noun", ").", "\n", "\n", "or", " buttons", " if", " you", " would", " like", " Spell", " Better", " to", " move", " on", " by", " learning", " a", " new", " word", " or", " ignoring", " it", " for", " this", " spell", " check", " session", " (", "e", ".", "g", ".", " if", " it", " has", " highlighted", " a", " proper", " noun", ").", " The", " spell", " check", "er", " is", " done", " when", " it", " stops", " highlighting", " new", " words", ".", "\n", "\n", "Access", " all", " settings", " by", " tapping", " the", " little", " \"", "i", "\"", " button", ".", " You", " can", " select", " a", " vocabulary", " size", ",", " change", " the", " text", " size", ",", " pick", " a", " specialized", " font", ",", " and", " much", " more", ".", "\n", "\n", "Tap", " on", " the", " \"", "?\"", " button", " at", " the", " top", " of", " Spell", " Better", " to", " see", " a", " help", " screen", " within", " the", " app", " itself", ".", "\n", "\n", "\ufffd", "\ufffd", " Back", " to", " top", " \ufffd", "\ufffd", "\n", "\n", "\u25ba", " Text", "-", "to", "-", "Spe", "ech", "\n", "\n", "Spell", " Better", " offers", " high", "-", "quality", " text", "-", "to", "-", "speech", ".", " It", " has", " three", " modes", ":", "\n", "\n", "1", ".", " Tap", " once", " on", " the", " speaker", " button", " to", " hear", " your", " entire", " document", " read", " out", ".", " If", " you", " have", " already", " selected", " a", " section", " of", " text", " (", "say", " a", " paragraph", "),", " a", " single", " tap", " will", " read", " aloud", " only", " the", " selected", " text", ".", " 2", ".", " Tap", "-", "and", "-", "hold", " (", "long", "-", "press", ")", " on", " the", " speaker", " button", " to", " read", " out", " only", " the", " last", " sentence", " (", "relative", " to", " the", " cursor", ")", " instead", " of", " the", " entire", " document", ".", " 3", ".", " Double", "-", "tap", " on", " the", " speaker", " button", " to", " read", " out", " the", " five", " words", " currently", " listed", " in", " the", " prediction", " bank", ".", " (", "Note", ":", " You", " can", " also", " tap", "-", "and", "-", "hold", " on", " a", " word", " in", " the", " prediction", " bank", " to", " hear", " the", " pronunciation", " and", " see", " the", " definition", ").", "\n", "\n", "Spell", " Better", " will", " highlight", " the", " word", " that", " is", " being", " read", " aloud", " as", " it", " goes", " through", " the", " document", ".", "\n", "\n", "From", " the", " Settings", " menu", " in", " Spell", " Better", " (", "the", " little", " '", "i", "'", " button", "),", " you", " can", " enable", " Speak", " Each", " Letter", ",", " Speak", " Each", " Word", ",", " and", " Speak", " Each", " Sent", "ence", ".", " These", " provide", " audio", " support", " as", " you", " are", " writing", ".", "\n", "\n", "You", " can", " select", " from", " four", " different", " voices", ":", " US", " Female", ",", " UK", " Male", ",", " AU", " Female", ",", " or", " US", " Male", " (", "Alex", ").", " The", " US", " Male", " (", "Alex", ")", " voice", " requires", " iOS", " 9", ".", " It", " also", " requires", " a", " free", " download", " from", " Apple", " before", " it", " starts", " working", ".", " Launch", " the", " Settings", " app", " on", " your", " iPad", " and", " navigate", " to", " General", " >", " Access", "ibility", " >", " Speech", " >", " Voices", " >", " English", ".", " There", ",", " find", " the", " voice", " named", " \"", "Alex", "\"", " and", " tap", " on", " it", " to", " begin", " the", " download", ".", "\n", "\n", "For", " the", " best", " quality", " voices", ",", " turn", " on", " \"", "Enhanced", " Voices", "\"", " in", " the", " Settings", " App", ".", " Launch", " the", " Settings", " App", " and", " navigate", " to", " General", " >", " Access", "ibility", " >", " Speech", " Selection", " (", "turn", " it", " ON", ")", " >", " Voices", " >", " English", ".", " Then", " make", " sure", " \"", "Enhanced", " Quality", "\"", " is", " turned", " ON", " for", " the", " voice", " corresponding", " to", " your", " choice", " in", " Spell", " Better", ".", " The", " enhanced", " quality", " voice", " is", " downloaded", " free", " from", " Apple", " (", "this", " will", " take", " a", " few", " minutes", ").", " Once", " you", " do", " this", ",", " the", " Text", "-", "to", "-", "Spe", "ech", " will", " sound", " very", " realistic", ".", "\n", "\n", "\u25ba", " Speech", " Recogn", "ition", " and", " Siri", "\n", "\n", "Spe", "ech", " recognition", " is", " offered", " through", " Apple", "'s", " Siri", " engine", " (", "dict", "ation", ").", " This", " allows", " you", " to", " speak", " a", " word", " or", " sentence", " to", " send", " it", " to", " the", " editor", ".", "\n", "\n", "This", " feature", " requires", " Siri", ".", " Since", " Siri", " is", " available", " only", " on", " the", " iPad", " 3", " and", " newer", ",", " this", " feature", " will", " not", " work", " on", " the", " iPad", " 2", ".", "\n", "\n", "Follow", " these", " steps", " to", " enable", " Speech", " Recogn", "ition", " in", " Spell", " Better", ":", "\n", "\n", "Select", " the", " Q", "WER", "TY", " Default", " Keyboard", " -", " this", " is", " the", " default", " keyboard", " in", " Spell", " Better", ".", " Make", " sure", " Siri", " is", " turned", " ON", " (", "Settings", " App", " >", " General", " >", " Siri", " >", " ON", ").", " If", " you", "'re", " on", " iOS", " 8", ",", " enable", " D", "ict", "ation", " (", "Settings", " App", " >", " General", " >", " Key", "boards", " >", " Enable", " D", "ict", "ation", " >", " ON", ").", "\n", "\n", "Step", " 3", " is", " not", " necessary", " on", " iOS", " 7", ",", " but", " the", " first", " two", " steps", " are", " still", " required", ".", "\n", "\n", "Once", " the", " Q", "WER", "TY", " Default", " keyboard", " is", " being", " used", ",", " Siri", " is", " turned", " on", ",", " and", " D", "ict", "ation", " is", " enabled", " (", "iOS", " 8", "),", " you", "'ll", " be", " able", " to", " see", " a", " little", " microphone", " button", " to", " the", " left", " of", " the", " space", "bar", " in", " Spell", " Better", ".", " Tap", " on", " it", " to", " use", " the", " speech", " recognition", ".", "\n", "\n", "\ufffd", "\ufffd", " Back", " to", " top", " \ufffd", "\ufffd", "\n", "\n", "\u25ba", " Using", " the", " Dictionary", "\n", "\n", "The", " dictionary", " is", " brought", " up", " by", " a", " Tap", "-", "and", "-", "hold", " (", "long", "-", "press", ")", " on", " the", " predicted", " word", ".", " If", " you", " haven", "'t", " already", " downloaded", " a", " dictionary", ",", " you", " may", " see", " the", " \"", "No", " definition", " found", "\"", " message", ".", " Below", " you", "'ll", " find", " detailed", " steps", " to", " download", " and", " use", " a", " dictionary", " in", " Spell", " Better", ".", " The", " download", " is", " completely", " free", " and", " comes", " directly", " from", " Apple", ".", " It", " takes", " only", " a", " few", " minutes", " to", " setup", ".", "\n", "\n", "At", " the", " end", " of", " these", " steps", " you", " will", " have", " downloaded", ",", " installed", ",", " and", " used", " an", " English", " dictionary", " in", " Spell", " Better", ".", "\n", "\n", "1", ".", " First", ",", " tap", "-", "and", "-", "hold", " on", " a", " predicted", " word", ".", " You", "'ll", " hear", " the", " word", " pronounced", " and", " you", "'ll", " see", " a", " pop", "-", "up", " come", " into", " view", ":", "\n", "\n", "3", ".", " Tap", " on", " the", " \"", "Man", "age", "\"", " button", ":", "\n", "\n", "4", ".", " Then", " tap", " on", " the", " cloud", " icon", " with", " the", " arrow", " on", " it", " next", " to", " the", "d", "ictionary", " of", " your", " choice", ":", "\n", "\n", "5", ".", " Wait", " for", " it", " to", " download", ".", " You", " can", " see", " the", " download", " progress", " indicator", ":", "\n", "\n", "6", ".", " Once", " the", " download", " is", " complete", ",", " you", "'ll", " see", " a", " little", " black", " cross", " next", " to", " the", " corresponding", " dictionary", " (", "this", " is", " just", " an", " indicator", ",", "!).", " Go", " to", " the", " next", " step", " after", " you", " see", " this", " little", " black", " cross", " appear", ":", "\n", "\n", "7", ".", " Then", " tap", " anywhere", " outside", " the", " pop", "-", "up", " to", " dismiss", " it", ".", " Don", "'t", " worry", ",", " we", "'ll", " be", " getting", " back", " to", " it", " in", " the", " next", " step", ".", " The", " pop", "-", "up", " should", " go", " away", ":", "\n", "\n", "8", ".", " Finally", ",", "again", " on", " the", " predicted", " word", " and", " you", "'ll", " see", " the", " definition", " come", " up", ":", "\n", "\n", "You", " have", " downloaded", " the", " dictionary", " and", " you", " can", " look", " up", " the", " definition", " of", " words", " in", " Spell", " Better", ".", "\n", "\n", "\ufffd", "\ufffd", " Back", " to", " top", " \ufffd", "\ufffd", "\n", "\n", "\u25ba", " Insert", "ing", " Pictures", " and", " Format", "ting", "\n", "\n", "Spell", " Better", " is", " the", " only", " assist", "ive", " writing", " app", " of", " its", " kind", " to", " support", " inserting", " photos", " and", " rich", " text", " formatting", ".", "\n", "\n", "Tap", " or", " tap", "-", "and", "-", "hold", " to", " bring", " up", " the", " contextual", " menu", " and", " tap", " on", " the", " \"", "Insert", " Picture", "\"", " button", ".", " Spell", " Better", " will", " ask", " permission", " to", " access", " your", " photo", " library", " (", "just", " the", " first", " time", ").", " You", "'ll", " then", " be", " able", " to", " select", " a", " photo", " and", " insert", " it", " into", " the", " editor", ".", "\n", "\n", "Once", " you", " insert", " photos", " or", " use", " formatting", " in", " your", " document", ",", " you", " can", " export", " the", " document", " as", " a", " PDF", ".", "\n", "\n", "\ufffd", "\ufffd", " Back", " to", " top", " \ufffd", "\ufffd", "\n", "\n", "\u25ba", " Upgrade", " to", " Spell", " Better", " Premium", "\n", "\n", "Spell", " Better", " is", " $", "9", ".", "99", " to", " try", ".", " You", " can", " explore", " all", " core", " features", " including", " the", " word", " prediction", ",", " spell", " correction", ",", " and", " even", " text", "-", "to", "-", "speech", " in", " the", " trial", " version", ".", " However", ",", " you", " need", " to", " upgrade", " in", " order", " to", " export", " your", " documents", " from", " Spell", " Better", " and", " to", " create", " new", " notes", " and", " notes", " longer", " than", " about", " 250", " words", ".", "\n", "\n", "Benef", "its", " of", " upgrading", " to", " Spell", " Better", " Premium", ":", "\n", "\n", "Ability", " to", " create", " notes", " of", " unlimited", " length", ".", "\n", "\n", "Ability", " to", " create", " new", " notes", " (", "a", " \"+", "\"", " button", " will", " appear", " at", " the", " top", " right", ").", "\n", "\n", "Ability", " to", " export", " your", " notes", " by", " Email", ",", " PDF", ",", " printing", ",", " copying", ",", " Messages", ",", " opening", " in", " other", " apps", " (", "e", ".", "g", ".", " Pages", "),", " and", " more", ".", "\n", "\n", "Prior", "ity", " Support", " and", " long", "-", "term", " Updates", " as", " Apple", " releases", " new", " iOS", " versions", ".", "\n", "\n", "The", " upgrade", " price", " is", " $", "14", ".", "99", ".", "\n", "\n", "To", " upgrade", ",", " begin", " by", " tapping", " the", " \"", "Upgrade", " Options", "\"", " button", " at", " the", " top", " right", " of", " Spell", " Better", ":", "\n", "\n", "Wait", " for", " the", " price", " to", " show", " and", " then", " tap", " the", " \"", "Upgrade", " Now", "\"", " button", ".", " You", "'ll", " be", " able", " to", " see", " the", " price", " again", " and", " will", " be", " asked", " to", " confirm", " the", " upgrade", " before", " the", " purchase", " is", " made", " securely", " and", " directly", " from", " Apple", ".", "\n", "\n", "\ufffd", "\ufffd", " Back", " to", " top", " \ufffd", "\ufffd", "\n", "\n", "\u25ba", " Volume", " Purchase", " Program", " (", "VP", "P", ")", " for", " Education", "\n", "\n", "There", " is", " a", " version", " of", " Spell", " Better", " that", " is", " compatible", " with", " Apple", "'s", " Volume", " Purchase", " Program", " for", " Education", ".", " This", " version", " does", " not", " contain", " any", " in", "-", "app", " purchases", " or", " other", " restrictions", ".", " You", " can", " pay", " up", "-", "front", " for", " each", " unit", ",", " and", " the", " price", " is", " $", "24", ".", "99", " per", " unit", ".", "\n", "\n", "It", " is", " called", " Spell", " Better", " V", "PP", " and", " it", " is", " otherwise", " identical", " to", " the", " regular", " version", " of", " Spell", " Better", " (", "Premium", ").", " You", " can", " see", " it", " on", " the", " App", " Store", " by", " clicking", " here", ".", " There", " is", " a", " 50", "%", " discount", " available", " for", " purchases", " of", " 20", " or", " more", " licenses", ".", " The", " school", " or", " district", " assist", "ive", " technology", " coordinator", " will", " help", " you", " move", " forward", " with", " a", " volume", " purchase", ".", "\n", "\n", "The", " End", " User", " License", " Agreement", " can", " be", " found", " here", " (", "PDF", ").", "\n", "\n", "\u25ba", " Privacy", "\n", "\n", "Spell", " Better", " for", " iPad", " does", " not", " track", " usage", " and", " does", " not", " log", " or", " send", " any", " data", " to", " an", " external", " server", " for", " any", " reason", ".", " There", " is", " no", " advertising", " within", " the", " app", ".", " It", " does", " not", " contain", " any", " 3", "rd", "-", "party", " software", " or", " services", " and", " all", " core", " features", " work", " offline", " even", " without", " an", " internet", " connection", ".", " You", " can", " learn", " more", " by", " reading", " the", " privacy", " policy", ".", "\n", "\n", "\u25ba", " About", " the", " developer", "\n", "\n", "Hi", ",", " my", " name", " is", " N", "avan", "it", ".", " I", "'ve", " been", " working", " on", " Spell", " Better", " for", " several", " years", ",", " beginning", " with", " research", " I", " conducted", " as", " a", " graduate", " student", " at", " Stanford", " University", ".", " I", " worked", " closely", " with", " Dys", "lex", "ia", " specialists", " and", " assist", "ive", " technology", " experts", " at", " the", " Stanford", " Medical", " School", " throughout", " the", " development", " stage", ".", "\n", "\n", "I", " make", " an", " effort", " to", " be", " easy", " to", " reach", " and", " interact", " with", ".", " If", " you", " have", " an", " idea", ",", " or", " need", " help", ",", " you", " can", " bring", " it", " up", " directly", " with", " me", " and", " be", " sure", " of", " a", " prompt", " response", ".", " Email", " me", " anytime", ".", "\n", "\n", "\ufffd", "\ufffd", " Back", " to", " top", " \ufffd", "\ufffd", "\n", "\n", "\u25ba", " Test", "imon", "ials", " &", " Reviews", "\n", "\n", "Students", " and", " Special", " Educ", "ators", " love", " Spell", " Better", " and", " below", " you", " can", " see", " a", " small", " sample", " of", " glowing", " reviews", ":", "\n", "\n", "\ufffd", "\ufffd", " This", " app", " for", " iPad", " has", " it", " all", ":", " spell", " check", ",", " word", " prediction", ",", " text", "-", "to", "-", "speech", " capabilities", ",", " and", " a", " dictionary", ".", " Gener", "ating", " written", " output", " is", " a", " snap", " with", " Spell", " Better", ",", " and", " sharing", " documents", " is", " easy", ",", " too", ".", " Even", " weak", " spell", "ers", " with", " developing", " typing", " skills", " will", " benefit", " from", " this", " well", "-", "designed", " app", ".", " \ufffd", "\ufffd", "\n", "\n", "-", " The", " Y", "ell", "in", " Center", " for", " Mind", ",", " Brain", ",", " and", " Education", ".", " New", " York", ",", " NY", ".", "\n", "\n", "-", " The", " Y", "ell", "in", " Center", " for", " Mind", ",", " Brain", ",", " and", " Education", ".", " New", " York", ",", " NY", ".", "\n", "\n", "\ufffd", "\ufffd", " Since", " they", " are", " able", " to", " devote", " more", " of", " their", " attention", " to", " the", " content", ",", " learners", " using", " this", " app", " are", " able", " to", " increase", " the", " length", " and", " depth", " of", " their", " writing", ".", " \ufffd", "\ufffd", "\n", "\n", "-", " Angela", " McD", "ur", "mon", ",", " Instruction", "al", " Technology", " Specialist", "\n", "\n", "-", " Angela", " McD", "ur", "mon", ",", " Instruction", "al", " Technology", " Specialist", "\n", "\n", "\ufffd", "\ufffd", " I", " had", " this", " app", " added", " to", " my", " 10", " year", " old", " sons", " iPad", " and", " paid", " for", " the", " upgrade", ".", " He", " has", " dys", "lex", "ia", " and", " really", " really", " struggles", " with", " his", " written", " work", ",", " so", " much", " so", " that", " at", " school", " he", " has", " a", " sc", "ribe", " to", " help", " him", ".", " I", " too", ",", " am", " dys", "lex", "ic", " so", " homework", " can", " be", " a", " real", " battle", " field", ".", " The", " first", " bit", " of", " work", " he", " did", " using", " this", " app", " was", " just", " amazing", ",", " and", " the", " app", " was", " so", " easy", " to", " use", ".", " The", " teachers", " were", " so", " impressed", " with", " his", " work", " they", " asked", " if", " he", " was", " able", " to", " bring", " in", " the", " iPad", " and", " now", " he", " does", " all", " his", " school", " written", " work", " on", " it", ",", " it", " really", " has", " made", " such", " a", " difference", " for", " him", " and", " now", " at", " last", " he", " is", " able", " to", " work", " independently", ".", " Thank", " you", ".", " \ufffd", "\ufffd", "\n", "\n", "-", " A", " review", " on", " the", " UK", " App", " Store", "\n", "\n", "-", " A", " review", " on", " the", " UK", " App", " Store", "\n", "\n", "\ufffd", "\ufffd", " I", " was", " thrilled", " to", " come", " across", " Spell", " Better", " and", " have", " been", " using", " this", " with", " some", " of", " my", " students", " successfully", ".", " \ufffd", "\ufffd", "\n", "\n", "-", " Dr", ".", " Samantha", " Hor", "nery", "\n", "\n", "Apple", ",", " the", " Apple", " logo", ",", " and", " iPad", " are", " trademarks", " of", " Apple", " Inc", ".,", " registered", " in", " the", " U", ".", "S", ".", " and", " other", " countries", ".", " App", " Store", " is", " a", " service", " mark", " of", " Apple", " Inc", "."]