["Media", " playback", " is", " unsupported", " on", " your", " device", " Media", " caption", " Rory", " Cell", "an", "-", "Jones", " speed", " tests", " the", " new", " 4", "G", " service", " in", " Manchester", "\n", "\n", "For", " 36", " hours", ",", " I", " have", " been", " trying", " out", " 4", "G", " in", " two", " cities", " where", " it", " has", " been", " launched", " by", " the", " EE", " network", ".", " Everywhere", " I", "'ve", " gone", " in", " London", " and", " Manchester", ",", " outside", ",", " indoors", ",", " on", " trains", " and", " in", " cars", ",", " I", "'ve", " used", " a", " speed", " testing", " application", ".", " And", " while", " I", "'ve", " seen", " some", " breathtaking", "ly", " fast", " results", ",", " there", " has", " also", " been", " some", " worrying", " evidence", " that", " the", " speed", " and", " extent", " of", " the", " 4", "G", " network", " is", " being", " over", "sold", ".", "\n", "\n", "Here", " is", " a", " selection", " of", " my", " results", ":", "\n", "\n", "Monday", " 29", " October", ",", " 14", ":", "55", " GMT", ",", " Oxford", " Street", ":", " Download", " 53", ".", "74", " Mbps", ",", " Upload", " 4", ".", "72", " Mbps", ",", " Ping", " 33", " ms", "\n", "\n", "P", "icking", " up", " the", " 4", "G", " phone", " that", " I", " was", " borrowing", " from", " the", " EE", " store", " on", " Oxford", " Street", ",", " I", " gave", " it", " my", " first", " test", " -", " and", " it", " was", " very", " very", " fast", ".", " A", " 53", "Mbps", " download", " is", " better", " than", " the", " vast", " majority", " of", " UK", " broadband", " users", " could", " achieve", " at", " home", " right", " now", " -", " but", " obviously", " at", " EE", "'s", " flagship", " central", " London", " store", ",", " the", " company", " had", " made", " sure", " the", " network", " delivered", ".", "\n", "\n", "15", ":", "12", " GMT", ",", " BBC", " Broadcasting", " House", ":", " Download", " 8", ".", "13", "Mbps", ",", " Upload", " 0", ".", "05", " Mbps", ",", " Ping", " 62", " ms", "\n", "\n", "Oh", " dear", " -", " inside", " the", " BBC", "'s", " new", " headquarters", ",", " things", " slowed", " right", " down", ".", " But", " then", " again", ",", " for", " some", " reason", " most", " mobile", " phone", " networks", " don", "'t", " work", " at", " all", " inside", " the", " state", "-", "of", "-", "the", "-", "art", " building", " so", " this", " was", " better", " than", " many", " colleagues", " were", " getting", ".", "\n", "\n", "18", ":", "55", " GMT", ",", " E", "ust", "on", " Station", " Food", " Court", " -", " no", " result", "\n", "\n", "Deep", " inside", " a", " chaotic", " E", "ust", "on", " Station", ",", " more", " problems", ".", " The", " Speed", "test", " app", " could", " not", " detect", " any", " data", " signal", " at", " all", ".", "\n", "\n", "19", ":", "19", " GMT", ",", " E", "ust", "on", " platform", " 7", ":", " Download", " 16", ".", "31", " Mbps", ",", " Upload", " 12", ".", "09", " Mbps", ",", " Ping", " 41", " ms", "\n", "\n", "But", " once", " we", " took", " our", " seats", " on", " the", " Manchester", " train", ",", " 4", "G", " le", "aped", " back", " into", " life", ".", " The", " upload", " speeds", " looked", " startling", "ly", " good", " as", " we", " waited", " for", " the", " train", " to", " leave", ".", " As", " we", " headed", " out", " through", " North", " London", ",", " however", ",", " the", " 4", "G", " network", " seemed", " to", " disappear", " even", " before", " we", " had", " breached", " the", " North", " Circ", "ular", " Road", ".", "\n", "\n", "21", ":", "56", " GMT", ",", " Manchester", " Pic", "c", "ad", "illy", ":", " Download", " 17", ".", "27", " Mbps", ",", " Upload", " 11", ".", "57", " Mbps", ",", " Ping", " 37", " ms", "\n", "\n", "Once", " we", " had", " arrived", " in", " Manchester", ",", " one", " of", " the", " 11", " cities", " that", " were", " to", " go", " live", " with", " EE", " 4", "G", " on", " Tuesday", " morning", ",", " I", " was", " relieved", " to", " see", " that", " things", " were", " working", ".", "\n", "\n", "Tuesday", " 30", " October", ",", " 06", ":", "13", " GMT", ",", " Te", "ac", "up", " &", " C", "akes", " Cafe", ":", " Download", " 19", ".", "37", " Mbps", ",", " Upload", " 11", ".", "19", " Mbps", ",", " Ping", " 57", " ms", "\n", "\n", "At", " the", " cafe", " which", " kindly", " opened", " at", " the", " crack", " of", " dawn", " so", " that", " we", " could", " broadcast", " into", " BBC", " Breakfast", " and", " numerous", " radio", " stations", ",", " another", " pretty", " good", " result", ".", " That", " kind", " of", " speed", " might", " not", " look", " too", " startling", " -", " but", " if", " there", " is", " plenty", " of", " capacity", " it", " would", " make", " 4", "G", " a", " very", " attractive", " option", " to", " small", " businesses", " looking", " for", " an", " alternative", " to", " fixed", " broadband", ".", "\n", "\n", "10", ":", "34", " GMT", ",", " St", "any", "cliffe", ":", " Download", " 8", ".", "03", " Mbps", ",", " Upload", " 1", ".", "80", " Mbps", ",", " Ping", " 129", " ms", " (", "3", "G", ")", "\n", "\n", "We", " headed", " north", " out", " of", " Manchester", " to", " see", " how", " far", " the", " 4", "G", " network", " stretched", ".", " As", " expected", " it", " melted", " away", " as", " we", " crossed", " the", " M", "60", ",", " but", " EE", "'s", " 3", "G", " network", " proved", " surprisingly", " robust", ".", " This", " result", " from", " a", " village", " on", " the", " road", " to", " R", "och", "dale", " looks", " excellent", " -", " but", " if", " you", " can", " get", " this", " on", " 3", "G", " why", " would", " you", " pay", " more", " for", " 4", "G", "?", "\n", "\n", "13", ":", "19", " GMT", ",", " Media", " City", " S", "alf", "ord", ":", " Download", " 13", ".", "33", " Mbps", ",", " Upload", " 6", ".", "31", " Mbps", ",", " Ping", " 57", " ms", "\n", "\n", "Live", " from", " outside", " the", " BBC", " North", " base", " at", " S", "alf", "ord", ",", " we", " were", " back", " on", " 4", "G", " at", " a", " pretty", " respectable", " if", " un", "spect", "acular", " speed", ".", " Note", " the", " upload", " figure", " though", " -", " for", " anyone", " trying", " to", " send", " data", " rather", " than", " receive", " that", " will", " look", " very", " attractive", ".", " Mind", " you", ",", " inside", " the", " BBC", " building", " the", " 4", "G", " disappeared", " again", ".", " V", "od", "af", "one", " has", " suggested", " that", " EE", "'s", " brand", " of", " 4", "G", " won", "'t", " be", " effective", " indoors", " -", " does", " that", " charge", " stick", "?", "\n", "\n", "18", ":", "44", " GMT", ",", " Near", " Stock", "port", ":", " Download", " 16", ".", "65", " Mbps", ",", " Upload", " 12", ".", "88", " Mbps", ",", " Ping", " 38", " ms", "\n", "\n", "As", " our", " train", " headed", " out", " of", " Manchester", ",", " the", " 4", "G", " network", " seemed", " to", " stretch", " as", " far", " as", " Stock", "port", ".", " Taking", " advantage", " of", " some", " impressive", " upload", " speeds", ",", " I", " uploaded", " a", " video", " to", " YouTube", " in", " under", " a", " minute", ".", "\n", "\n", "21", ":", "43", " GMT", ",", " E", "aling", " London", ":", " Download", " 4", ".", "46", " Mbps", ",", " Upload", " 1", ".", "51", " Mbps", ",", " Ping", " 76", " ms", " (", "3", "G", ")", "\n", "\n", "But", " there", " was", " a", " disappointing", " end", " to", " my", " 4", "G", " testing", " marathon", ".", " Arri", "ving", " at", " my", " home", " in", " the", " remote", " wast", "el", "ands", " of", " west", " London", ",", " I", " found", " that", " EE", "'s", " network", " did", " not", " stretch", " this", " far", ".", " True", " -", " this", " 3", "G", " result", " is", " a", " lot", " better", " than", " my", " usual", " network", " gives", " me", " at", " home", ".", " But", " if", " 4", "G", " really", " is", " supposed", " to", " deliver", " a", " super", "fast", " future", ",", " indoors", " and", " outside", ",", " to", " 98", "%", " of", " the", " UK", "'s", " population", ",", " wouldn", "'t", " you", " expect", " it", " to", " work", " right", " across", " the", " nation", "'s", " capital", "?", " Maybe", " the", " change", " of", " brand", " to", " EE", " is", " a", " tacit", " admission", " that", " the", " network", " just", " cannot", " deliver", " Everything", " Everywhere", "."]