["Best", " and", " worst", " 2016", " draft", " picks", " made", " by", " each", " NFL", " team", "\n", "\n", "By", " Michael", " Ren", "ner", " \u2022", " May", " 10", ",", " 2016", "\n", "\n", "It", "\ufffd", "\ufffd", "s", " said", " that", " you", " have", " to", " wait", " at", " least", " three", " years", " before", " evaluating", " a", " draft", " class", ",", " but", " where", " is", " the", " fun", " in", " that", "?", " Using", " P", "FF", "\ufffd", "\ufffd", "s", " pre", "-", "draft", " rankings", " and", " Chase", " Stuart", "\ufffd", "\ufffd", "s", " Draft", " Value", " Chart", ",", " our", " analytics", " director", " Nathan", " J", "ahn", "ke", " recorded", " the", " value", " of", " every", " 2016", " draft", " pick", " for", " this", " Washington", " Post", " article", " on", " the", " teams", " that", " did", " the", " best", " and", " worst", " at", " acquiring", " value", " per", " pick", ".", "\n", "\n", "We", " then", " used", " that", " same", " value", " information", " to", " determine", " the", " best", " and", " worst", " pick", " made", " by", " each", " team", " in", " 2016", ",", " which", " is", " what", " you", "\ufffd", "\ufffd", "ll", " find", " below", ".", "\n", "\n", "Here", " are", " the", " best", " and", " worst", " picks", " for", " all", " 32", " NFL", " teams", ":", "\n", "\n", "Arizona", " Cardinals", "\n", "\n", "Best", ":", " Har", "lan", " Miller", ",", " CB", ",", " S", "outheastern", " Louisiana", " (", "R", "d", ".", " 6", ",", " No", ".", " 205", ")", "\n", "\n", "Miller", " flashed", " at", " times", " down", " during", " Senior", " Bowl", " practices", ",", " doing", " enough", " to", " warrant", " his", " sixth", "-", "round", " selection", ".", " But", " the", " fact", " that", " he", " is", " appearing", " in", " this", " \ufffd", "\ufffd", "best", "\ufffd", "\ufffd", " spot", " gives", " you", " an", " idea", " of", " what", " we", " generally", " thought", " of", " Arizona", "\ufffd", "\ufffd", "s", " draft", " \u2014", " first", "-", "rounder", " Robert", " N", "ke", "md", "iche", ",", " a", " relative", " reach", " based", " on", " where", " he", " was", " picked", ",", " was", " the", " only", " Cardinals", " draft", " pick", " to", " even", " appear", " in", " our", " top", " 250", " prospects", " list", ".", "\n", "\n", "W", "orst", ":", " Brandon", " Williams", ",", " CB", ",", " Texas", " A", "&", "M", " (", "R", "d", ".", " 3", ",", " No", ".", " 92", ")", "\n", "\n", "A", " freak", "ishly", " athletic", " former", " running", " back", " with", " one", " year", " of", " un", "imp", "ressive", " college", " work", " at", " cornerback", " is", " fine", " for", " a", " late", "-", "round", " fl", "ier", ",", " but", " we", " can", "\ufffd", "\ufffd", "t", " get", " on", " board", " with", " taking", " him", " in", " the", " third", " round", ".", "\n", "\n", "Atlanta", " Falcons", "\n", "\n", "Best", ":", " Devin", " Fuller", ",", " WR", ",", " UCLA", " (", "R", "d", ".", " 7", ",", " No", ".", " 238", ")", "\n", "\n", "Obviously", " we", " were", " not", " fans", " of", " the", " Falcons", " draft", ".", " Fuller", " had", " barely", " a", " draft", "able", " grade", " on", " our", " board", " and", " still", " presented", " their", " best", " value", ".", " Second", "-", "round", " linebacker", " De", "ion", " Jones", " was", " a", " huge", " reach", ",", " but", " not", " as", " bad", " as", " the", " player", " listed", " below", ".", "\n", "\n", "W", "orst", ":", " Ke", "anu", " Neal", ",", " S", ",", " Florida", " (", "R", "d", ".", " 1", ",", " No", ".", " 17", ")", "\n", "\n", "Neal", " plays", " a", " coverage", " position", " and", " we", " never", " saw", " anything", " special", " from", " him", " in", " that", " aspect", ".", " His", " 16", " missed", " tackles", " were", " sixth", " most", " among", " saf", "eties", " in", " the", " draft", " class", ",", " suggesting", " he", " might", " not", " be", " the", " safest", " bet", " as", " a", " run", " defender", ",", " either", ".", "\n", "\n", "Baltimore", " Ravens", "\n", "\n", "Best", ":", " Kenneth", " Dixon", ",", " RB", ",", " Louisiana", " Tech", " (", "R", "d", ".", " 4", ",", " No", ".", " 134", ")", "\n", "\n", "D", "ixon", " could", " very", " well", " be", " the", " replacement", " for", " Ray", " Rice", " the", " Ravens", " have", " been", " searching", " for", ".", " We", " had", " a", " second", "-", "round", " grade", " on", " him", " and", " Dixon", "\ufffd", "\ufffd", "s", " +", "8", ".", "1", " receiving", " grade", " last", " year", " was", " tops", " in", " the", " draft", " class", ",", " with", " his", " elusive", " rating", " ranking", " second", ".", "\n", "\n", "W", "orst", ":", " Chris", " Moore", ",", " WR", ",", " Cincinnati", " (", "R", "d", ".", " 4", ",", " No", ".", " 107", ")", "\n", "\n", "In", " a", " fairly", " weak", " receiver", " class", " we", " didn", "\ufffd", "\ufffd", "t", " see", " Moore", " being", " worthy", " of", " his", " fourth", "-", "round", " draft", " status", ".", " His", " big", "-", "play", " ability", " was", " far", " too", " erratic", " in", " college", " to", " see", " it", " translating", " well", " to", " the", " pros", ".", "\n", "\n", "Buff", "alo", " Bills", "\n", "\n", "Best", ":", " Ad", "olph", "us", " Washington", ",", " DT", ",", " Ohio", " State", " (", "R", "d", ".", " 3", ",", " No", ".", " 80", ")", "\n", "\n", "Washington", " won", "\ufffd", "\ufffd", "t", " check", " a", " lot", " of", " athletic", " boxes", ",", " but", " he", " was", " quietly", " the", " seventh", " highest", " graded", " interior", " defender", " in", " college", " football", " last", " year", ",", " and", " particularly", " disruptive", " as", " a", " pass", "-", "rus", "her", ".", " The", " Bills", " need", " help", " in", " that", " area", ".", " First", "-", "round", " DE", " Sha", "q", " Lawson", " and", " second", "-", "round", " LB", " Reggie", " Rag", "land", " also", " represented", " good", " value", " picks", ".", "\n", "\n", "W", "orst", ":", " Card", "ale", " Jones", ",", " QB", ",", " Ohio", " State", " (", "R", "d", ".", " 4", ",", " No", ".", " 139", ")", "\n", "\n", "He", " may", " have", " never", " lost", " a", " game", " he", " started", " in", " college", ",", " but", " there", " was", " still", " a", " reason", " why", " Jones", " got", " ben", "ched", " last", " year", " at", " Ohio", " State", ".", " Even", " in", " his", " mythical", " run", " to", " the", " National", " Championship", " the", " year", " prior", ",", " Jones", " only", " had", " a", " +", "0", ".", "7", " passing", " grade", ".", "\n", "\n", "Car", "olina", " Panthers", "\n", "\n", "Best", ":", " Vernon", " Butler", ",", " DT", ",", " Louisiana", " Tech", " (", "R", "d", ".", " 1", ",", " No", ".", " 30", ")", "\n", "\n", "We", " can", "\ufffd", "\ufffd", "t", " argue", " with", " the", " Panthers", " getting", " a", " player", " at", " the", " end", " of", " the", " first", " round", " that", " we", " had", " right", " on", " the", " borderline", " of", " being", " a", " first", "-", "round", " grade", ".", " Butler", " improved", " might", "ily", " as", " a", " pass", " rusher", " his", " senior", " year", " and", " has", " the", " tools", " to", " push", " the", " pocket", " from", " the", " nose", " tackle", " position", ".", "\n", "\n", "W", "orst", ":", " Zack", " Sanchez", ",", " CB", ",", " Oklahoma", " (", "R", "d", ".", " 5", ",", " No", ".", " 141", ")", "\n", "\n", "One", " of", " the", " most", " egregious", " risk", "-", "t", "akers", " in", " the", " entire", " draft", " class", " at", " the", " cornerback", " position", ",", " Sanchez", " allowed", " 5", "53", " yards", " in", " only", " 11", " games", " last", " season", ".", "\n", "\n", "Chicago", " Bears", "\n", "\n", "Best", ":", " Daniel", " Bra", "ver", "man", ",", " WR", ",", " Western", " Michigan", " (", "R", "d", ".", " 7", ",", " No", ".", " 230", ")", "\n", "\n", "Bra", "ver", "man", " was", " the", " second", "-", "most", " productive", " slot", " receiver", " in", " all", " of", " college", " football", " last", " year", ",", " trailing", " only", " Sterling", " Shepard", ".", " Slot", " production", " has", " less", " to", " do", " with", " straight", " line", " speed", " and", " more", " to", " do", " with", " route", " running", " and", " quick", "ness", " which", " Bra", "ver", "man", " has", " in", " sp", "ades", ".", "\n", "\n", "W", "orst", ":", " Leonard", " Floyd", ",", " OL", "B", ",", " Georgia", " (", "R", "d", ".", " 1", ",", " No", ".", " 9", ")", "\n", "\n", "This", " is", " how", " good", " the", " Bears", " draft", " was", ".", " We", " didn", "\ufffd", "\ufffd", "t", " even", " dislike", " the", " Floyd", " selection", ",", " it", "\ufffd", "\ufffd", "s", " just", " that", " he", " was", " slightly", " lower", " on", " our", " board", " than", " his", " 9", "th", " overall", " draft", " slot", ".", "\n", "\n", "C", "incinnati", " Bengals", "\n", "\n", "Best", ":", " Andrew", " Bill", "ings", ",", " DT", ",", " Baylor", " (", "R", "d", ".", " 4", ",", " No", ".", " 122", ")", "\n", "\n", "How", " he", " fell", " all", " the", " way", " to", " the", " fourth", " round", ",", " I", " have", " no", " idea", ".", " Even", " if", " he", " can", "\ufffd", "\ufffd", "t", " rush", " the", " passer", ",", " his", " upside", " as", " a", " run", " stuff", "er", " warranted", " an", " earlier", " selection", ".", " The", " Bengals", " landed", " a", " lot", " of", " good", " values", " in", " this", " draft", ".", "\n", "\n", "W", "orst", ":", " Nick", " Vigil", ",", " LB", ",", " Utah", " State", " (", "R", "d", ".", " 3", ",", " No", ".", " 87", ")", "\n", "\n", "Another", " player", " that", " we", " liked", ",", " but", " not", " enough", " to", " justify", " the", " third", " round", " selection", ".", " We", " can", "\ufffd", "\ufffd", "t", " argue", " with", " the", " pick", " though", " as", " Vigil", "\ufffd", "\ufffd", "s", " athletic", " upside", " and", " top", " 30", " coverage", " grade", " among", " all", " linebackers", " in", " the", " F", "BS", " last", " year", " are", " intriguing", ".", "\n", "\n", "C", "level", "and", " Browns", "\n", "\n", "Best", ":", " Rash", "ard", " Higgins", ",", " WR", ",", " Colorado", " State", " (", "R", "d", ".", " 5", ",", " No", ".", " 172", ")", "\n", "\n", "H", "iggins", "\ufffd", "\ufffd", " production", " the", " last", " two", " seasons", " has", " been", " obscene", ".", " In", " 2014", " he", " trailed", " only", " Tyler", " Lock", "ett", " and", " Am", "ari", " Cooper", " in", " our", " grading", ".", " There", " are", " athleticism", " concerns", ",", " but", " Higgins", " already", " knows", " how", " to", " run", " routes", " like", " a", " veteran", " wide", "out", ".", " He", " was", " one", " of", " several", " values", " Cleveland", " landed", ",", " including", " at", " wide", " receiver", ".", "\n", "\n", "R", "ic", "ardo", " Louis", ",", " WR", ",", " Auburn", " (", "R", "d", ".", " 4", ",", " No", ".", " 114", " overall", ")", "\n", "\n", "Louis", " didn", "\ufffd", "\ufffd", "t", " make", " our", " final", " draft", " board", " of", " the", " top", " 250", " prospects", ",", " which", " is", " why", " he", " represents", " the", " worst", " value", " in", " an", " otherwise", " impressive", " draft", " haul", " from", " Cleveland", ".", " That", " was", " in", " part", " based", " on", " him", " not", " grading", " particularly", " well", " in", " Auburn", "\ufffd", "\ufffd", "s", " run", "-", "heavy", " offense", ",", " but", " Louis", " actually", " ranked", " fourth", " in", " the", " class", " in", " yards", " per", " route", " run", " average", " (", "3", ".", "51", "),", " meaning", " he", " offers", " some", " upside", " in", " the", " pros", " if", " he", " receives", " a", " larger", " workload", ".", "\n", "\n", "Dallas", " Cowboys", "\n", "\n", "Best", ":", " Jay", "lon", " Smith", ",", " LB", ",", " Notre", " Dame", " (", "R", "d", ".", " 2", ",", " No", ".", " 34", ")", "\n", "\n", "Obviously", " we", " can", "\ufffd", "\ufffd", "t", " account", " for", " his", " injury", " diagnosis", ",", " but", " if", " Smith", " is", " truly", " able", " to", " return", " in", " year", " two", " fully", " healthy", ",", " the", " Cowboys", " nab", "bed", " the", " second", "-", "highest", " linebacker", " on", " our", " board", " all", " the", " way", " in", " the", " second", " round", ".", "\n", "\n", "W", "orst", ":", " Ezekiel", " Elliott", ",", " RB", ",", " Ohio", " State", " (", "R", "d", ".", " 1", ",", " No", ".", " 4", ")", "\n", "\n", "Pass", "ing", " over", " Jal", "en", " Ramsey", " \u2014", " who", " also", " plays", " a", " desperate", " position", " of", " need", " \u2014", " in", " favor", " of", " a", " running", " back", " isn", "\ufffd", "\ufffd", "t", " something", " we", " can", " endorse", ".", " There", "\ufffd", "\ufffd", "s", " no", " doubt", " Elliott", " will", " be", " successful", " in", " Dallas", ",", " but", " so", " would", " a", " handful", " of", " other", " backs", " in", " this", " class", ".", "\n", "\n", "Denver", " Broncos", "\n", "\n", "Best", ":", " Will", " Parks", ",", " S", ",", " Arizona", " (", "R", "d", ".", " 6", ",", " No", ".", " 219", ")", "\n", "\n", "One", " of", " the", " players", " featured", " in", " the", " \ufffd", "\ufffd", "My", " Guys", "\ufffd", "\ufffd", " podcast", " by", " fellow", " analyst", " Bobby", " Slow", "ik", ",", " Parks", " was", " our", " highest", "-", "graded", " cornerback", " when", " he", " played", " in", " the", " slot", " back", " in", " 2014", ".", "\n", "\n", "W", "orst", ":", " Adam", " G", "ots", "is", ",", " DT", ",", " Georgia", " Tech", " (", "R", "d", ".", " 2", ",", " No", ".", " 63", ")", "\n", "\n", "G", "ots", "is", "\ufffd", "\ufffd", " improvement", " from", " junior", " to", " senior", " year", " is", " very", " encouraging", ",", " but", " solely", " his", " play", " on", " the", " field", " last", " season", " wouldn", "\ufffd", "\ufffd", "t", " warrant", " his", " selection", ".", " After", " an", " ACL", " injury", " last", " season", " it", "\ufffd", "\ufffd", "s", " no", " sure", " thing", " he", "\ufffd", "\ufffd", "ll", " continue", " the", " upward", " trajectory", " he", " was", " on", ".", "\n", "\n", "Detroit", " Lions", "\n", "\n", "Best", ":", " Anthony", " Z", "ettel", ",", " DT", ",", " Penn", " State", " (", "R", "d", ".", " 6", ",", " No", ".", " 202", ")", "\n", "\n", "An", " unders", "ized", ",", " attacking", " defensive", " tackle", ",", " Z", "ettel", " is", " one", " of", " the", " few", " late", "-", "round", " selections", " who", " can", " offer", " something", " as", " a", " pass", " rusher", ".", " If", " he", " can", " fill", " out", " his", " frame", ",", " Z", "ettel", " could", " be", " a", " starter", " in", " the", " league", ".", "\n", "\n", "W", "orst", ":", " Taylor", " Decker", ",", " OT", ",", " Ohio", " State", " (", "R", "d", ".", " 1", ",", " No", ".", " 16", ")", "\n", "\n", "Another", " player", " we", "\ufffd", "\ufffd", "ve", " been", " lower", " on", " throughout", " the", " draft", " process", ",", " Decker", " simply", " wasn", "\ufffd", "\ufffd", "t", " a", " great", " pass", " protector", " in", " college", " with", " just", " slightly", " above", "-", "average", " grades", " the", " past", " two", " seasons", ".", "\n", "\n", "Green", " Bay", " Packers", "\n", "\n", "Best", ":", " Kyle", " Murphy", ",", " OT", ",", " Stanford", " (", "R", "d", ".", " 6", ",", " No", ".", " 200", ")", "\n", "\n", "Mur", "phy", " combined", " with", " Josh", " Garn", "ett", " to", " be", " the", " most", " crushing", " double", " team", " duo", " in", " college", " football", " last", " year", ".", " He", " has", " some", " issues", " in", " pass", " protection", " with", " speed", "-", "to", "-", "power", ",", " but", " if", " he", " can", " add", " some", " core", " strength", " Murphy", " has", " the", " feet", " to", " be", " a", " starting", " tackle", ".", "\n", "\n", "W", "orst", ":", " Kenny", " Clark", ",", " DT", ",", " UCLA", " (", "R", "d", ".", " 1", ",", " No", ".", " 27", ")", "\n", "\n", "We", " don", "\ufffd", "\ufffd", "t", " hate", " the", " selection", " by", " any", " means", ",", " we", " simply", " saw", " Clark", " as", " more", " of", " a", " mid", "-", "second", " round", " value", ".", " His", " game", " against", " Arizona", " was", " one", " of", " the", " highest", " graded", " we", " saw", " all", " season", ",", " but", " he", " too", " often", " disappeared", " against", " better", " competition", ".", "\n", "\n", "Houston", " Texans", "\n", "\n", "Best", ":", " Nick", " Martin", ",", " C", ",", " Notre", " Dame", " (", "R", "d", ".", " 2", ",", " No", ".", " 50", ")", "\n", "\n", "There", " wasn", "\ufffd", "\ufffd", "t", " much", " of", " a", " difference", " between", " Martin", " and", " Ryan", " Kelly", ",", " who", " went", " No", ".", " 18", " overall", " to", " the", " Colts", ",", " in", " our", " book", ".", " He", " has", " the", " talent", " to", " step", " in", " right", " away", " and", " be", " an", " upgrade", " from", " Ben", " Jones", ".", "\n", "\n", "W", "orst", ":", " Will", " Fuller", ",", " WR", ",", " Notre", " Dame", " (", "R", "d", ".", " 1", ",", " No", ".", " 21", ")", "\n", "\n", "Full", "er", " went", " to", " about", " as", " ideal", " a", " situation", " as", " he", " could", " have", " hoped", " for", ",", " but", " he", "\ufffd", "\ufffd", "s", " still", " a", " one", "-", "tr", "ick", " pony", " who", " was", " drafted", " ahead", " of", " a", " much", " more", " complete", " receiver", " in", " Josh", " Doct", "son", ".", " The", " Texans", " will", " need", " to", " maximize", " Fuller", "\ufffd", "\ufffd", "s", " deep", "-", "threat", " ability", " to", " get", " appropriate", " value", " from", " this", " selection", ".", "\n", "\n", "Indian", "apolis", " Colts", "\n", "\n", "Best", ":", " Hassan", " Rid", "g", "eway", ",", " DT", ",", " Texas", " (", "R", "d", ".", " 4", ",", " No", ".", " 116", ")", "\n", "\n", "R", "id", "g", "eway", " only", " played", " 4", "63", " snaps", " last", " season", ",", " but", " on", " them", " he", " was", " among", " the", " most", " efficient", " players", " in", " the", " country", ".", " His", " win", " rate", " in", " the", " run", " game", " was", " among", " the", " top", " five", " for", " interior", " defenders", ".", "\n", "\n", "W", "orst", ":", " T", ".", "J", ".", " Green", ",", " DB", " Clemson", " (", "R", "d", ".", " 2", ",", " No", ".", " 57", ")", "\n", "\n", "Green", " has", " all", " the", " athletic", " traits", ",", " however", " they", "\ufffd", "\ufffd", "ve", " yet", " to", " translate", " into", " coverage", " ability", " where", " he", " had", " the", " seventh", " lowest", " grade", " of", " any", " safety", " in", " the", " F", "BS", " last", " year", ".", "\n", "\n", "Jackson", "ville", " Jaguars", "\n", "\n", "Best", ":", " My", "les", " Jack", ",", " LB", ",", " UCLA", " (", "R", "d", ".", " 2", ",", " No", ".", " 36", ")", "\n", "\n", "If", " Jack", " can", " stay", " healthy", ",", " the", " Jaguars", " got", " the", " steal", " of", " the", " draft", ".", " He", " was", " the", " No", ".", " 5", " player", " on", " our", " board", " and", " a", " potential", " superstar", " defender", " in", " the", " pros", ".", " His", " coverage", " grade", " was", " No", ".", " 1", " among", " college", " linebackers", " in", " 2014", ".", "\n", "\n", "W", "orst", ":", " Y", "ann", "ick", " Ng", "ak", "ou", "e", ",", " DE", ",", " Maryland", " (", "R", "d", ".", " 3", ",", " No", ".", " 69", ")", "\n", "\n", "N", "g", "ak", "ou", "e", " was", " the", " 21", "st", " highest", " graded", " edge", " rusher", " in", " the", " nation", " last", " year", ",", " but", " he", " completely", " sold", " out", " to", " do", " it", ",", " finishing", " with", " the", " 19", "th", "-", "worst", " run", " defense", " grade", " among", " edge", " defenders", " last", " year", ".", "\n", "\n", "Kansas", " City", " Chiefs", "\n", "\n", "Best", ":", " Chris", " Jones", ",", " DT", ",", " Mississippi", " State", " (", "R", "d", ".", " 2", ",", " No", ".", " 37", ")", "\n", "\n", "My", " favorite", " pick", " in", " the", " draft", ",", " Jones", " has", " athletic", " upside", " with", " production", " to", " match", ".", " No", " interior", " defender", " had", " a", " higher", " pass", "-", "r", "ushing", " grade", " against", " Power", "-", "5", " competition", " last", " year", ",", " and", " the", " Chiefs", " moved", " back", " into", " the", " second", " round", " to", " land", " him", ".", " Excellent", " value", ".", "\n", "\n", "W", "orst", ":", " Ke", "i", "V", "ara", "e", " Russell", ",", " DB", ",", " Notre", " Dame", " (", "R", "d", ".", " 3", ",", " No", ".", " 74", ")", "\n", "\n", "Not", "re", " Dame", "\ufffd", "\ufffd", "s", " blitz", "-", "heavy", " scheme", " hung", " Russell", " out", " to", " dry", " sometimes", ",", " but", " he", " still", " gave", " up", " 5", "83", " yards", " last", " year", " in", " 11", " games", ".", "\n", "\n", "Los", " Angeles", " Rams", "\n", "\n", "Best", ":", " Mike", " Thomas", ",", " WR", ",", " Southern", " Mississippi", " (", "R", "d", ".", " 6", ",", " No", ".", " 206", ")", "\n", "\n", "No", " receiver", " in", " college", " football", " made", " more", " spectacular", " catches", " in", " traffic", " than", " Thomas", ".", " The", " only", " question", " mark", " is", " whether", " he", " can", " separate", " in", " the", " pros", ",", " but", " in", " the", " seventh", " round", ",", " he", " was", " a", " steal", ".", "\n", "\n", "W", "orst", ":", " Josh", " Forrest", ",", " LB", ",", " Kentucky", " (", "R", "d", ".", " 6", ",", " No", ".", " 190", ")", "\n", "\n", "The", " Rams", " were", " another", " team", " with", " a", " very", " solid", " draft", ".", " We", " barely", " differed", " in", " our", " evaluation", " of", " Forrest", " compared", " to", " his", " draft", " slot", ",", " yet", " he", " still", " measured", " out", " as", " the", " \ufffd", "\ufffd", "worst", "\ufffd", "\ufffd", " value", " here", ".", " That", "\ufffd", "\ufffd", "s", " a", " good", " thing", " for", " L", ".", "A", ".", "\n", "\n", "Miami", " Dolphins", "\n", "\n", "Best", ":", " L", "are", "my", " T", "uns", "il", ",", " OT", ",", " Mississippi", " (", "R", "d", ".", " 1", ",", " No", ".", " 13", ")", "\n", "\n", "This", " is", " another", " obvious", " one", ".", " Setting", " aside", " any", " off", "-", "field", " concerns", ",", " T", "uns", "il", " warranted", " a", " much", " higher", " selection", " based", " on", " talent", " alone", ".", " He", " was", " one", " of", " the", " six", " best", " prospects", " in", " this", " draft", " after", " dominating", " as", " a", " run", " blocker", " and", " not", " allowing", " a", " sack", " in", " pass", " protection", ".", "\n", "\n", "W", "orst", ":", " X", "av", "ien", " Howard", ",", " CB", ",", " Baylor", " (", "R", "d", ".", " 2", ",", " No", ".", " 38", ")", "\n", "\n", "He", "\ufffd", "\ufffd", "s", " definitely", " a", " project", ",", " and", " one", " we", " were", " a", " tad", " bit", " lower", " on", " than", " his", " second", "-", "round", " draft", " slot", ".", " He", " was", " far", " too", " boom", "-", "or", "-", "b", "ust", " last", " year", " for", " our", " liking", ",", " although", " if", " he", " cleans", " that", " up", " he", "\ufffd", "\ufffd", "ll", " be", " worth", " the", " selection", ".", "\n", "\n", "Minnesota", " Vikings", "\n", "\n", "Best", ":", " Mack", "ens", "ie", " Alexander", ",", " CB", ",", " Clemson", " (", "R", "d", ".", " 2", ",", " No", ".", " 54", ")", "\n", "\n", "Alexander", " was", " the", " best", " press", "-", "man", " cornerback", " for", " our", " money", " in", " the", " class", ".", " With", " the", " value", " placed", " on", " the", " cornerback", " position", " in", " the", " NFL", ",", " nab", "bing", " Alexander", " in", " the", " second", " round", " was", " among", " the", " best", " picks", " in", " the", " draft", ".", "\n", "\n", "W", "orst", ":", " Willie", " Be", "avers", ",", " OL", ",", " Western", " Michigan", " (", "R", "d", ".", " 4", ",", " No", ".", " 121", ")", "\n", "\n", "This", " is", " another", " player", " we", " were", " wildly", " different", " on", " than", " seemingly", " the", " rest", " of", " the", " NFL", ".", " Be", "avers", " had", " the", " lowest", " grade", " of", " any", " left", " tackle", " in", " the", " F", "BS", " last", " year", ".", "\n", "\n", "New", " England", " Patriots", "\n", "\n", "Best", ":", " Devin", " Lu", "ci", "en", ",", " WR", ",", " Arizona", " State", " (", "R", "d", ".", " 7", ",", " No", ".", " 225", ")", "\n", "\n", "Lu", "ci", "en", " has", " some", " of", " the", " best", " ball", " skills", " in", " the", " class", " and", " a", " large", " catch", " radius", ".", " He", " is", " another", " player", " who", " fell", " due", " to", " question", " marks", " about", " being", " able", " to", " separate", ",", " but", " what", " he", " did", " out", " of", " the", " slot", " for", " the", " Sun", " Devils", " was", " very", " impressive", ".", "\n", "\n", "W", "orst", ":", " Jacob", "y", " Br", "iss", "ett", ",", " QB", ",", " North", " Carolina", " State", " (", "R", "d", ".", " 3", ",", " No", ".", " 91", ")", "\n", "\n", "Br", "iss", "ett", " was", " wildly", " inaccurate", " last", " year", ",", " with", " just", " the", " 53", "rd", "-", "best", " accuracy", " percentage", " nationally", ".", " He", " is", " a", " developmental", " project", ",", " and", " was", " taken", " ahead", " of", " many", " other", " more", " productive", " college", " passers", ".", "\n", "\n", "New", " Orleans", " Saints", "\n", "\n", "Best", ":", " Michael", " Thomas", ",", " WR", ",", " Ohio", " State", " (", "R", "d", ".", " 2", ",", " No", ".", " 47", ")", "\n", "\n", "Thomas", " was", " a", " guy", " we", " saw", " as", " a", " first", "-", "round", " value", " and", " he", " fills", " a", " glaring", " need", " in", " New", " Orleans", ".", " He", " broke", " 13", " tackles", " on", " 56", " catches", " last", " year", ".", " He", " was", " a", " great", " second", "-", "round", " pickup", " for", " New", " Orleans", ".", "\n", "\n", "W", "orst", ":", " Von", "n", " Bell", ",", " S", ",", " Ohio", " State", " (", "R", "d", ".", " 2", ",", " No", ".", " 61", ")", "\n", "\n", "This", " is", " only", " a", " minor", " qu", "ibble", " here", " on", " our", " part", ",", " as", " we", " were", " fans", " of", " most", " of", " the", " Saints", " selections", ".", " We", " had", " a", " third", "-", "round", " grade", " on", " Bell", ".", "\n", "\n", "New", " York", " Giants", "\n", "\n", "Best", ":", " Jere", "ll", " Adams", ",", " TE", ",", " South", " Carolina", " (", "R", "d", ".", " 6", ",", " No", ".", " 184", ")", "\n", "\n", "Adams", " is", " likely", " the", " most", " complete", " tight", " end", " in", " this", " class", " with", " a", " legitimate", " ability", " to", " set", " the", " edge", " as", " a", " run", " blocker", ".", " He", " wasn", "\ufffd", "\ufffd", "t", " featured", " much", " as", " a", " receiver", " at", " South", " Carolina", ",", " but", " showed", " us", " enough", " at", " Senior", " Bowl", " practices", " to", " think", " he", "\ufffd", "\ufffd", "ll", " contribute", " there", " in", " the", " NFL", " \u2014", " and", " his", " 10", " forced", " missed", " tackles", " on", " just", " 28", " catches", " speaks", " to", " his", " ability", " with", " the", " ball", " in", " his", " hands", ".", "\n", "\n", "W", "orst", ":", " Eli", " Apple", ",", " CB", ",", " Ohio", " State", " (", "R", "d", ".", " 1", ",", " No", ".", " 10", ")", "\n", "\n", "We", " like", " Apple", " a", " lot", ",", " it", "\ufffd", "\ufffd", "s", " just", " that", " they", " passed", " up", " on", " three", " corners", " we", " thought", " were", " better", ",", " and", " now", " the", " Giants", " have", " three", " corner", "backs", " with", " very", " little", " experience", " in", " the", " slot", ".", " There", " were", " better", " players", " to", " be", " had", " at", " No", ".", " 10", " overall", ".", "\n", "\n", "New", " York", " Jets", "\n", "\n", "Best", ":", " Char", "one", " Pe", "ake", ",", " WR", ",", " Clemson", " (", "R", "d", ".", " 7", ",", " No", ".", " 241", ")", "\n", "\n", "Truth", "fully", " we", " weren", "\ufffd", "\ufffd", "t", " even", " that", " high", " on", " Pe", "ake", ",", " but", " the", " Jets", " draft", " didn", "\ufffd", "\ufffd", "t", " feature", " too", " many", " players", " high", " on", " our", " board", ".", "\n", "\n", "W", "orst", ":", " Christian", " Hack", "enberg", ",", " QB", ",", " Penn", " State", " (", "R", "d", ".", " 2", ",", " No", ".", " 51", ")", "\n", "\n", "Our", " und", "raft", "able", " grade", " on", " Hack", "enberg", " is", " no", " secret", ".", " First", "-", "rounder", " Dar", "ron", " Lee", " was", " a", " runner", "-", "up", " here", ".", "\n", "\n", "Oak", "land", " Raiders", "\n", "\n", "Best", ":", " Sh", "il", "ique", " Cal", "houn", ",", " OL", "B", ",", " Michigan", " State", " (", "R", "d", ".", " 3", ",", " No", ".", " 75", ")", "\n", "\n", "He", " might", " be", " a", " pass", "-", "rus", "her", " only", ",", " but", " he", " was", " the", " second", " highest", " graded", " edge", " player", " in", " that", " aspect", " in", " college", " football", " last", " year", ".", " The", " Raiders", " are", " now", " absolutely", " loaded", " with", " edge", " talent", ".", "\n", "\n", "W", "orst", ":", " Jihad", " Ward", ",", " DT", ",", " Illinois", " (", "R", "d", ".", " 2", ",", " No", ".", " 44", ")", "\n", "\n", "He", " was", " un", "productive", " last", " year", " and", " is", " a", " below", "-", "average", " athlete", ".", " Ward", "\ufffd", "\ufffd", "s", " 30", " stops", " last", " year", " were", " 83", "rd", "-", "most", " among", " defensive", " linemen", " in", " the", " F", "BS", ".", "\n", "\n", "Philadelphia", " Eagles", "\n", "\n", "Best", ":", " Isaac", " Se", "um", "alo", ",", " G", ",", " Oregon", " State", " (", "R", "d", ".", " 3", ",", " No", ".", " 79", ")", "\n", "\n", "Se", "um", "alo", " is", " a", " close", " second", " in", " this", " class", " to", " Cody", " White", "hair", " for", " the", " title", " of", " smoot", "hest", "-", "moving", " guard", ".", " He", " won", "\ufffd", "\ufffd", "t", " overpower", " you", ",", " but", " Se", "um", "alo", " has", " amazing", " feet", " and", " the", " sixth", "-", "highest", " grade", " of", " any", " guard", " in", " the", " F", "BS", " last", " year", ".", "\n", "\n", "W", "orst", ":", " Hal", "ap", "oul", "iva", "ati", " V", "ait", "ai", ",", " OL", ",", " TCU", " (", "R", "d", ".", " 5", ",", " No", ".", " 164", ")", "\n", "\n", "We", " didn", "\ufffd", "\ufffd", "t", " see", " much", " from", " V", "ait", "ai", " that", " made", " us", " think", " he", "\ufffd", "\ufffd", "d", " be", " drafted", ".", " His", " athletic", " traits", ",", " though", ",", " are", " intriguing", " for", " a", " late", " round", " pick", ".", "\n", "\n", "Pitt", "sburgh", " Steelers", "\n", "\n", "Best", ":", " Dem", "arc", "us", " Ay", "ers", ",", " WR", ",", " Houston", " (", "R", "d", ".", " 7", ",", " No", ".", " 229", ")", "\n", "\n", "A", "yers", "\ufffd", "\ufffd", " 2", ".", "70", " yards", " per", " route", " run", " from", " the", " slot", " last", " year", " was", " seventh", "-", "best", " in", " college", " football", ".", " Ay", "ers", " has", " the", " ability", " to", " soften", " the", " blow", " of", " losing", " Mart", "avis", " Bryant", " for", " a", " year", " due", " to", " suspension", ".", "\n", "\n", "W", "orst", ":", " Art", "ie", " Burns", ",", " CB", ",", " Miami", " (", "FL", ")", " (", "R", "d", ".", " 1", ",", " No", ".", " 25", ")", "\n", "\n", "It", " was", " inevitable", " that", " the", " Steelers", " were", " going", " to", " reach", " for", " an", " athletic", " corner", ".", " Burns", " has", " all", " the", " athletic", " traits", " teams", " like", " to", " see", " at", " the", " position", ",", " yet", " only", " graded", " out", " around", " average", " a", " year", " ago", ".", " He", " wasn", "\ufffd", "\ufffd", "t", " anywhere", " close", " to", " the", " first", " round", " on", " the", " P", "FF", " board", ",", " yet", " that", "\ufffd", "\ufffd", "s", " where", " the", " Steelers", " took", " him", ".", "\n", "\n", "San", " Diego", " Chargers", "\n", "\n", "Best", ":", " Joey", " B", "osa", ",", " DE", ",", " Ohio", " State", " (", "R", "d", ".", " 1", ",", " No", ".", " 3", ")", "\n", "\n", "The", " No", ".", " 1", " player", " on", " our", " big", " board", " and", " the", " highest", "-", "graded", " edge", " player", " each", " of", " the", " last", " two", " seasons", ".", " I", " don", "\ufffd", "\ufffd", "t", " care", " where", " you", " play", " him", ",", " B", "osa", " will", " produce", ".", "\n", "\n", "W", "orst", ":", " Drew", " K", "aser", ",", " P", ",", " Texas", " A", "&", "M", " (", "R", "d", ".", " 6", ",", " No", ".", " 179", ")", "\n", "\n", "We", "\ufffd", "\ufffd", "re", " not", " going", " to", " rag", " on", " the", " Chargers", " for", " drafting", " a", " pun", "ter", " in", " the", " sixth", " round", ".", " They", " knocked", " this", " draft", " out", " of", " the", " park", ",", " in", " our", " eyes", ",", " which", " is", " why", " K", "aser", " has", " to", " be", " the", " choice", " here", ".", "\n", "\n", "San", " Francisco", " 49", "ers", "\n", "\n", "Best", ":", " De", "Forest", " Buck", "ner", ",", " DE", ",", " Oregon", " (", "R", "d", ".", " 1", ",", " No", ".", " 7", ")", "\n", "\n", "B", "uck", "ner", " was", " one", " of", " the", " few", " players", " in", " the", " class", " we", " viewed", " as", " a", " sure", " thing", ".", " Buck", "ner", " was", " easily", " the", " highest", "-", "graded", " interior", " lineman", " in", " football", " last", " season", ",", " and", " did", " equally", " well", " against", " both", " the", " run", " and", " the", " pass", ".", "\n", "\n", "W", "orst", ":", " Will", " Redmond", ",", " CB", ",", " Mississippi", " State", " (", "R", "d", ".", " 3", ",", " No", ".", " 68", ")", "\n", "\n", "We", " had", " a", " fourth", "-", "round", " grade", " on", " Redmond", " and", " he", " went", " in", " the", " third", ".", " There", " wasn", "\ufffd", "\ufffd", "t", " much", " to", " complain", " about", " San", " Francisco", "\ufffd", "\ufffd", "s", " 2016", " draft", " from", " a", " value", " standpoint", ".", "\n", "\n", "Seattle", " Seahawks", "\n", "\n", "Best", ":", " Jar", "ran", " Reed", ",", " DT", ",", " Alabama", " (", "R", "d", ".", " 2", ",", " No", ".", " 49", ")", "\n", "\n", "R", "eed", " was", " easily", " the", " top", " run", "-", "stuff", "ing", " nose", " tackle", " in", " this", " class", ".", " Reed", " led", " the", " nation", " in", " run", "-", "stop", " percentage", " as", " a", " senior", " and", " was", " a", " great", " value", " for", " Seattle", " in", " the", " second", " round", ".", "\n", "\n", "W", "orst", ":", " Germ", "ain", " If", "edi", ",", " OT", ",", " Texas", " A", "&", "M", " (", "R", "d", ".", " 1", ",", " No", ".", " 31", ")", "\n", "\n", "He", " had", " a", " negative", " pass", "-", "blocking", " grade", " last", " year", " as", " a", " right", " tackle", " at", " Texas", " A", "&", "M", ".", " If", "edi", " is", " terribly", " raw", ",", " and", " even", " switching", " to", " guard", ",", " I", "\ufffd", "\ufffd", "m", " not", " sure", " he", "\ufffd", "\ufffd", "ll", " contribute", " for", " a", " few", " seasons", ".", " This", " was", " a", " pick", " based", " on", " potential", ",", " not", " on", " production", ".", "\n", "\n", "T", "ampa", " Bay", " Buccaneers", "\n", "\n", "Best", ":", " Noah", " Sp", "ence", ",", " DE", ",", " Eastern", " Kentucky", " (", "R", "d", ".", " 2", ",", " No", ".", " 39", ")", "\n", "\n", "There", " are", " obvious", " off", "-", "field", " reasons", " why", " Sp", "ence", " would", " get", " pushed", " down", " draft", " boards", ",", " but", " he", " lit", " up", " the", " competition", " at", " the", " Senior", " Bowl", " and", " offers", " significant", " pass", "-", "r", "ushing", " potential", ".", " He", " was", " a", " great", " value", " in", " the", " second", " round", " and", " filled", " a", " need", " on", " the", " edge", " for", " Tampa", " Bay", ".", "\n", "\n", "W", "orst", ":", " Roberto", " Ag", "uay", "o", ",", " K", ",", " Florida", " State", " (", "R", "d", ".", " 2", ",", " No", ".", " 59", ")", "\n", "\n", "Not", " much", " to", " say", " here", ".", " The", " Bucs", " drafted", " a", " kicker", " in", " the", " second", " round", ".", " A", " kicker", " who", " was", " just", " 50", " percent", " from", " 40", "-", "plus", " yards", " a", " year", " ago", ".", " And", " they", " traded", " up", " to", " do", " it", ".", "\n", "\n", "Tenn", "essee", " Titans", "\n", "\n", "Best", ":", " Kal", "an", " Reed", ",", " CB", ",", " Southern", " Miss", " (", "R", "d", ".", " 7", ",", " No", ".", " 253", ")", "\n", "\n", "R", "eed", ",", " Mr", ".", " Ir", "relevant", ",", " had", " a", " late", " second", "-", "round", " grade", " on", " our", " draft", " board", ".", " It", " is", " curious", " that", " he", " lasted", " all", " the", " way", " til", " the", " end", " of", " the", " seventh", " considering", " his", " athletic", " upside", " (", "4", ".", "49", "-", "second", " 40", "-", "yard", " dash", ",", " 41", ".", "5", "-", "inch", " vertical", " jump", "),", " but", " the", " Titans", " could", " reap", " the", " benefits", ".", "\n", "\n", "W", "orst", ":", " Derrick", " Henry", ",", " RB", ",", " Alabama", " (", "R", "d", ".", " 2", ",", " No", ".", " 45", ")", "\n", "\n", "Henry", " offers", " little", " else", " outside", " of", " his", " downhill", " running", " ability", " \u2014", " which", " is", " unfortunately", " something", " that", " can", " also", " be", " said", " about", " starter", " De", "Marco", " Murray", ".", " Using", " a", " second", "-", "round", " pick", " on", " a", " backup", " running", " back", " seems", " superflu", "ous", ",", " regardless", " of", " how", " effective", " Henry", " is", " as", " a", " power", " back", ".", "\n", "\n", "Washington", " Redskins", "\n", "\n", "Best", ":", " Steven", " Daniels", ",", " LB", ",", " Boston", " College", " (", "R", "d", ".", " 7", ",", " No", ".", " 232", ")", "\n", "\n", "The", " Redskins", " have", " been", " missing", " a", " legitimate", " run", " presence", " in", " the", " linebacker", " corps", " ever", " since", " London", " Fletcher", " started", " to", " lose", " a", " step", ".", " Daniels", " was", " the", " highest", "-", "graded", " linebacker", " in", " the", " F", "BS", " last", " year", ",", " making", " him", " a", " steal", " in", " the", " seventh", " round", ".", "\n", "\n", "W", "orst", ":", " Kendall", " Fuller", ",", " CB", ",", " Virginia", " Tech", " (", "R", "d", ".", " 3", ",", " No", ".", " 84", ")", "\n", "\n", "Washington", " was", " another", " team", " with", " a", " solid", " draft", ".", " We", " didn", "\ufffd", "\ufffd", "t", " differ", " greatly", " on", " our", " valuation", " of", " Fuller", " based", " on", " where", " the", " Redskins", " chose", " him", ".", " He", " has", " good", " ball", " skills", ",", " but", " struggled", " might", "ily", " with", " quicker", " receivers", "."]