["American", " hedge", " funds", " are", " c", "ashing", " in", " on", " Argentina", ".", "\n", "\n", "Ar", "gent", "ina", " and", " four", " hedge", " funds", " ended", " a", " 15", "-", "year", " debt", " battle", " on", " Sunday", " night", ".", " Argentina", " --", " South", " America", "'s", " second", " largest", " economy", " --", " agreed", " to", " pay", " $", "4", ".", "65", " billion", " altogether", ".", "\n", "\n", "As", " the", " dust", " settles", ",", " details", " are", " emerging", " about", " how", " much", " cash", " each", " hedge", " fund", " is", " going", " to", " take", " to", " the", " bank", ".", "\n", "\n", "One", " fund", ",", " Br", "ace", "bridge", " Capital", " from", " Boston", ",", " will", " make", " about", " $", "950", " million", " return", " on", " its", " original", " principal", " amount", " of", " $", "120", " million", ".", " That", "'s", " about", " an", " 800", "%", " return", ".", "\n", "\n", "B", "illion", "aire", " Paul", " Singer", " and", " his", " firm", " N", "ML", " Capital", " --", " the", " leading", " firm", " in", " the", " case", " --", " will", " rake", " in", " $", "2", ".", "28", " billion", " on", " principal", " and", " interest", " payments", ".", " That", "'s", " a", " huge", " payday", " considering", " N", "ML", "'s", " original", " amount", " of", " only", " $", "617", " million", ".", " That", "'s", " a", " 370", "%", " return", ",", " according", " to", " the", " terms", " of", " the", " agreement", " and", " a", " court", " document", " filed", " by", " Argentina", "'s", " under", "secret", "ary", " of", " finance", ",", " Santiago", " B", "aus", "ili", ".", "\n", "\n", "Ar", "gent", "ina", " offered", " to", " pay", " about", " 75", "%", " of", " the", " total", " claims", " from", " the", " hedge", " funds", ".", " Bloomberg", " first", " reported", " on", " the", " individual", " returns", " Tuesday", " evening", ".", "\n", "\n", "Related", ":", " Argentina", " ends", " 15", "-", "year", " debt", " battle", "\n", "\n", "Res", "olving", " the", " dispute", " is", " a", " big", " win", " for", " Argentina", " too", " --", " it", " can", " finally", " return", " to", " foreign", " capital", " markets", " after", " effectively", " being", " shut", " out", " since", " it", " default", "ed", " on", " $", "95", " billion", " of", " debt", " in", " 2001", ".", " That", " will", " greatly", " help", " its", " economy", " grow", ".", "\n", "\n", "However", ",", " it", "'s", " the", " tough", " negotiations", " and", " these", " types", " of", " sky", " high", " returns", " that", " result", " from", " them", " that", " make", " Latin", " Americans", " vil", "ify", " the", " hedge", " funds", ".", " Singer", " and", " the", " others", " are", " called", " \"", "v", "ult", "ures", "\"", " in", " Argentina", ".", "\n", "\n", "Their", " strategy", " is", " pretty", " simple", ":", " wait", " for", " a", " developing", " country", " to", " default", " on", " its", " debt", ",", " swoop", " in", " and", " buy", " the", " country", "'s", " debt", " at", " a", " very", " cheap", " price", " and", " then", " sue", " the", " country", " for", " full", " repayment", ".", "\n", "\n", "\"", "While", " Argentina", " can", " now", " return", " to", " the", " markets", ",", " the", " settlement", " valid", "ates", " a", " predatory", " and", " explo", "itative", " business", " model", ",\"", " says", " Eric", " Le", "Com", "pt", "e", ",", " executive", " director", " of", " Jub", "ilee", " USA", ",", " a", " firm", " that", " lobb", "ies", " for", " financial", " reforms", " for", " developing", " countries", ".", "\n", "\n", "S", "inger", " and", " Argentina", " battled", " for", " 15", " years", ".", " By", " 2010", ",", " Argentina", " had", " settled", " its", " debt", " problems", " with", " 92", "%", " of", " its", " creditors", ".", " But", " Singer", " and", " other", " funds", " --", " representing", " the", " bulk", " of", " the", " other", " 8", "%", " --", " held", " out", ".", " And", " a", " New", " York", " judge", ",", " Thomas", " G", "ries", "a", ",", " agreed", " with", " them", ".", " He", " ordered", " that", " Argentina", " couldn", "'t", " pay", " any", " creditors", " until", " it", " paid", " Singer", " and", " other", " hold", "outs", ".", "\n", "\n", "Related", ":", " Latin", " America", ":", " China", "'s", " power", " play", " right", " under", " the", " U", ".", "S", ".", "\n", "\n", "The", " battle", " finally", " ended", " late", " Sunday", " night", " with", " the", " agreement", ".", " It", "'s", " not", " entirely", " a", " done", " deal", ":", " Argentina", "'s", " Congress", " still", " needs", " to", " approve", " the", " payment", " and", " lift", " laws", " that", " prevent", " the", " country", " from", " paying", " hold", "outs", ".", " However", ",", " Congress", " is", " expected", " to", " do", " both", ".", "\n", "\n", "N", "ML", " Capital", " didn", "'t", " respond", " to", " a", " request", " for", " comment", ".", " Other", " firms", " declined", " to", " comment", " for", " this", " story", ".", "\n", "\n", "Ar", "gent", "ina", "'s", " Congress", " has", " until", " April", " 14", " to", " approve", " the", " deal", "."]