["Big", "gest", " weakness", " on", " every", " top", "-", "10", " college", " football", " team", "\n", "\n", "By", " Steve", " Pal", "azz", "olo", " \u2022", " Oct", " 17", ",", " 2016", "\n", "\n", "It", "\ufffd", "\ufffd", "s", " difficult", " to", " hide", " weaknesses", " as", " the", " sample", " size", " of", " the", " season", " increases", ",", " and", " usually", " in", " big", " games", ",", " even", " the", " best", " teams", " will", " have", " their", " weakest", " links", " exposed", ".", " That", "\ufffd", "\ufffd", "s", " not", " to", " say", " that", " every", " team", " is", " destined", " to", " lose", " along", " the", " way", ",", " but", " there", " are", " elements", " to", " each", " team", " that", " run", " the", " risk", " of", " holding", " them", " down", " in", " any", " given", " week", ".", " Is", " the", " passing", " game", " being", " protected", " by", " a", " strong", " running", " game", "?", " Is", " the", " pass", " rush", " being", " helped", " by", " strong", " coverage", " on", " the", " back", " end", "?", "\n", "\n", "While", " it", " may", " be", " hard", " to", " find", " weaknesses", " on", " many", " of", " the", " top", " teams", ",", " if", " we", " dig", " deep", ",", " there", " are", " always", " potential", " issues", " looming", " \u2014", " especially", " if", " the", " rest", " of", " the", " team", " is", " unable", " to", " overcome", " in", " any", " given", " week", ".", "\n", "\n", "Here", "\ufffd", "\ufffd", "s", " a", " look", " at", " the", " biggest", " weaknesses", " for", " each", " of", " the", " top", " teams", " in", " the", " nation", ":", "\n", "\n", "[", "Editor", "\ufffd", "\ufffd", "s", " note", ":", " The", " ranking", " of", " the", " top", " 10", " is", " based", " off", " P", "FF", "\ufffd", "\ufffd", "s", " Top", " 25", ",", " which", " you", " can", " read", " here", ".]", "\n", "\n", "1", ".", " Alabama", ":", " Passing", " under", " pressure", "\n", "\n", "It", "\ufffd", "\ufffd", "s", " not", " an", " easy", " task", " finding", " a", " weakness", " for", " Alabama", ",", " especially", " on", " the", " defensive", " side", " of", " the", " ball", " where", " they", "\ufffd", "\ufffd", "re", " loaded", " at", " every", " level", ".", " It", "\ufffd", "\ufffd", "s", " also", " difficult", " to", " highlight", " a", " weakness", " on", " an", " offense", " that", " has", " rarely", " been", " slowed", " down", " this", " season", ".", " However", ",", " if", " there", " is", " something", " that", " might", " slow", " the", " offense", " it", "\ufffd", "\ufffd", "s", " true", " freshman", " QB", " Jal", "en", " Hur", "ts", "\ufffd", "\ufffd", " work", " under", " pressure", ".", " While", " the", " entire", " body", " of", " work", " has", " been", " impressive", " this", " season", ",", " especially", " for", " a", " freshman", ",", " Hur", "ts", " has", " a", " massive", " drop", "-", "off", " when", " pressured", " as", " his", " completion", " percentage", " drops", " from", " 75", ".", "4", " percent", " to", " 25", ".", "6", " percent", ".", " Hur", "ts", " is", " a", " dynamic", " runner", ",", " but", " he", "\ufffd", "\ufffd", "s", " shown", " the", " usual", " freshmen", " inconsistency", " when", " throwing", " the", " ball", " down", " field", ",", " so", " it", "\ufffd", "\ufffd", "s", " something", " to", " monitor", " as", " the", " season", " progresses", ".", "\n", "\n", "2", ".", " Ohio", " State", ":", " Pass", " game", "\n", "\n", "While", " QB", " J", ".", "T", ".", " Barrett", " is", " coming", " off", " one", " of", " his", " best", " games", " as", " a", " passer", " against", " Wisconsin", ",", " he", "\ufffd", "\ufffd", "s", " also", " one", " week", " removed", " from", " a", " 9", "-", "for", "-", "21", ",", " 93", "-", "yard", " effort", " against", " Indiana", ".", " Barrett", " has", " been", " outstanding", " as", " a", " runner", " and", " he", " brings", " a", " dynamic", " threat", " to", " the", " Ohio", " State", " offense", " both", " in", " the", " designed", " running", " game", " and", " as", " a", " scram", "bler", ".", " However", ",", " he", "\ufffd", "\ufffd", "s", " still", " inconsistent", " as", " a", " passer", " and", " despite", " his", " impressive", " passing", " stats", ",", " he", "\ufffd", "\ufffd", "s", " as", " much", " a", " product", " of", " the", " down", "field", " ability", " of", " WR", " Noah", " Brown", " and", " after", "-", "the", "-", "catch", " skills", " of", " RB", "/", "WR", " hybrids", " Curtis", " Samuel", " and", " D", "ont", "re", " Wilson", ".", " There", "\ufffd", "\ufffd", "s", " nothing", " wrong", " with", " being", " a", " distributor", " in", " that", " offense", ",", " however", " there", " are", " games", " in", " which", " Barrett", " will", " need", " to", " be", " relied", " upon", " as", " a", " passer", " and", " his", " No", ".", " 40", " passing", " grade", " (", "out", " of", " 80", " qualifiers", ")", " against", " Power", "-", "5", " competition", " may", " get", " exposed", " along", " the", " way", ".", "\n", "\n", "3", ".", " Clemson", ":", " Turn", "overs", "\n", "\n", "Cle", "mson", " is", " doing", " their", " best", " to", " through", " old", " football", " ad", "ages", " out", " the", " window", " as", " they", " continue", " to", " lose", " the", " turnover", " battle", " while", " still", " finding", " a", " way", " to", " win", ".", " Only", " four", " teams", " have", " turned", " it", " over", " more", " than", " Clemson", "\ufffd", "\ufffd", "s", " 16", " as", " they", "\ufffd", "\ufffd", "ve", " lost", " eight", " f", "umbles", " and", " thrown", " eight", " interceptions", ".", " The", " turnovers", " nearly", " cost", " them", " against", " Louisville", " and", " more", " recently", " they", " were", " a", " field", " goal", " away", " from", " losing", " to", " NC", " State", ",", " so", " while", " they", "\ufffd", "\ufffd", "ve", " survived", " to", " this", " point", ",", " they", "\ufffd", "\ufffd", "ve", " been", " playing", " with", " fire", " all", " season", ".", " The", " tim", "el", "iness", " of", " the", " turnovers", " has", " made", " them", " even", " worse", ",", " whether", " a", " goal", " line", " fumble", ",", " red", " zone", " interception", " from", " QB", " Des", "h", "aun", " Watson", " or", " the", " pick", "-", "six", " Watson", " threw", " at", " the", " beginning", " of", " the", " second", " half", " against", " NC", " State", ".", " Clemson", " has", " survived", " the", " sl", "opp", "iness", " for", " now", ",", " and", " perhaps", " they", " have", " it", " all", " out", " of", " their", " system", ",", " but", " their", " undefeated", " goals", " likely", " can", "\ufffd", "\ufffd", "t", " survive", " the", " turnovers", " for", " much", " longer", ".", "\n", "\n", "4", ".", " Michigan", ":", " Quarter", "back", "\n", "\n", "There", "\ufffd", "\ufffd", "s", " little", " to", " complain", " about", " on", " the", " Michigan", " defense", " as", " they", " rush", " the", " passer", " as", " well", " as", " any", " team", " in", " the", " country", " and", " cover", " on", " the", " back", " end", " just", " as", " well", ".", " Coming", " into", " the", " season", ",", " we", " expected", " that", " kind", " of", " elite", " defensive", " performance", ",", " but", " the", " questions", " always", " surrounded", " the", " offense", ",", " particularly", " the", " quarterback", " position", ".", " Wil", "ton", " Spe", "ight", " won", " the", " heated", " battle", " in", " training", " camp", ",", " but", " the", " position", " still", " remains", " the", " biggest", " weakness", " on", " the", " team", " and", " perhaps", " a", " hurdle", " they", "\ufffd", "\ufffd", "ll", " have", " to", " clear", " along", " the", " way", " in", " order", " to", " keep", " their", " undefeated", " season", " intact", ".", " Look", " no", " further", " than", " the", " Wisconsin", " game", " to", " see", " Spe", "ight", " struggle", " against", " a", " good", " team", " as", " he", " threw", " a", " number", " of", " dangerous", " passes", " into", " coverage", ".", " Spe", "ight", "\ufffd", "\ufffd", "s", " 63", ".", "9", " season", " grade", " is", " concerning", ",", " even", " with", " a", " defense", " as", " good", " as", " Michigan", "\ufffd", "\ufffd", "s", ".", "\n", "\n", "5", ".", " Washington", ":", " Pass", " blocking", "\n", "\n", "Not", " only", " is", " Washington", " one", " of", " the", " top", " stories", " of", " the", " season", " with", " their", " surge", " toward", " the", " College", " Football", " Playoff", ",", " they", "\ufffd", "\ufffd", "re", " also", " a", " well", "-", "rounded", " team", " with", " few", " areas", " to", " nit", "pick", ".", " If", " there", "\ufffd", "\ufffd", "s", " a", " place", " to", " highlight", ",", " it", "\ufffd", "\ufffd", "s", " pass", " protection", " as", " QB", " Jake", " Brown", "ing", " has", " been", " pressured", " on", " 33", ".", "2", " percent", " of", " his", " drop", "backs", ",", " the", " 39", "th", "-", "highest", " rate", " out", " of", " the", " top", " 136", " qualifiers", ".", " Even", " with", " Brown", "ing", " ranking", " as", " one", " of", " the", " nation", "\ufffd", "\ufffd", "s", " best", " quarterback", " when", " pressured", " the", " last", " two", " seasons", ",", " it", "\ufffd", "\ufffd", "s", " not", " a", " recipe", " for", " success", " and", " one", " that", " Washington", " will", " need", " to", " shore", " up", " against", " better", " pass", "-", "r", "ushing", " teams", ".", "\n", "\n", "6", ".", " Louisville", ":", " Offensive", " line", "\n", "\n", "The", " beauty", " of", " having", " an", " efficient", " running", " quarterback", " is", " that", " the", " offensive", " line", " does", " not", " have", " to", " dominate", " in", " order", " to", " succeed", " offensively", ".", " The", " mobile", " quarterback", " allows", " the", " offense", " to", " out", "number", " the", " defense", " in", " order", " to", " gain", " yards", ",", " so", " the", " offensive", " line", " doesn", "\ufffd", "\ufffd", "t", " even", " have", " to", " win", " in", " order", " for", " players", " like", " Heisman", " front", "-", "runner", " QB", " Lamar", " Jackson", " to", " succeed", ".", " That", "\ufffd", "\ufffd", "s", " been", " the", " case", " this", " season", " where", " Louisville", "\ufffd", "\ufffd", "s", " offensive", " line", " has", " struggled", " in", " the", " run", " game", " and", " in", " pass", " protection", ".", " While", " Jackson", " will", " always", " be", " there", " to", " protect", " the", " line", ",", " getting", " better", " movement", " at", " the", " point", " of", " attack", " and", " doing", " a", " better", " job", " of", " keeping", " Jackson", " clean", " (", "com", "pletion", " percentage", " drops", " from", " 61", ".", "6", " percent", " in", " clean", " pocket", " to", " 46", ".", "2", " percent", " under", " pressure", ")", " will", " make", " life", " easier", " for", " Louisville", " down", " the", " stretch", ".", "\n", "\n", "7", ".", " Texas", " A", "&", "M", ":", " T", "ack", "ling", "\n", "\n", "No", " team", " had", " missed", " more", " tackles", " than", " Texas", " A", "&", "M", "\ufffd", "\ufffd", "s", " 90", " coming", " into", " Week", " 7", " and", " they", " have", " whiff", "ed", " on", " 21", ".", "3", " percent", " of", " their", " attempts", ",", " third", "-", "highest", " in", " the", " nation", ".", " Their", " 31", "-", "miss", " effort", " against", " Tennessee", " in", " Week", " 6", " nearly", " cost", " them", " their", " undefeated", " season", ".", " Saf", "eties", " Ar", "man", "i", " Watts", " and", " Justin", " Evans", " lead", " all", " saf", "eties", " with", " 15", " and", " 14", " missed", " tackles", " respectively", ",", " and", " while", " both", " players", " have", " played", " well", " overall", ",", " the", " tackling", " must", " be", " better", " on", " the", " back", " end", ".", " Overall", ",", " the", " Texas", " A", "&", "M", " defense", " has", " had", " an", " excellent", " season", " behind", " a", " strong", " defensive", " front", ",", " but", " the", " tackling", " woes", " have", " led", " to", " far", " too", " many", " big", " plays", ".", "\n", "\n", "8", ".", " Nebraska", ":", " Pass", " game", "\n", "\n", "Despite", " his", " experience", ",", " QB", " Tommy", " Armstrong", " still", " experiences", " far", " too", " many", " ups", " and", " downs", " as", " a", " passer", ".", " Look", " no", " further", " than", " last", " week", " against", " Illinois", " as", " he", " finished", " with", " a", " 41", ".", "5", " grade", " for", " the", " game", " and", " now", " sits", " at", " 63", ".", "0", " for", " the", " season", ".", " Accuracy", " has", " never", " been", " Armstrong", "\ufffd", "\ufffd", "s", " strength", " and", " his", " adjusted", " completion", " percentage", " of", " 65", ".", "1", " percent", " ranks", " 101", "st", " out", " of", " the", " top", " 136", " qualifiers", ",", " so", " while", " Nebraska", " has", " strong", " enough", " pieces", " to", " win", " games", " without", " a", " top", "-", "not", "ch", " passing", " game", ",", " a", " more", " efficient", " attack", " would", " go", " a", " long", " way", " for", " the", " Hus", "kers", ".", "\n", "\n", "9", ".", " West", " Virginia", ":", " Pass", " rush", "\n", "\n", "As", " impressive", " as", " the", " defense", " has", " been", " this", " season", ",", " they", "\ufffd", "\ufffd", "ve", " done", " it", " largely", " without", " pressuring", " the", " quarterback", ".", " Much", " of", " this", " is", " scheme", "-", "based", " as", " West", " Virginia", "\ufffd", "\ufffd", "s", " 3", "-", "3", "-", "5", " attack", " sends", " only", " three", " r", "us", "hers", " 50", ".", "0", " percent", " of", " the", " time", ",", " but", " they", "\ufffd", "\ufffd", "ve", " only", " pressured", " the", " quarterback", " 22", ".", "3", " percent", " of", " the", " time", " this", " season", " (", "NC", "AA", " avg", " is", " 29", ".", "5", " percent", ")", " and", " the", " three", "-", "man", " rush", " has", " picked", " up", " pressure", " only", " 6", ".", "5", " percent", " of", " the", " time", ".", " While", " the", " scheme", " is", " certainly", " limiting", ",", " and", " the", " quick", "-", "pass", "ing", " attacks", " of", " the", " Big", " 12", " make", " it", " difficult", " to", " get", " to", " the", " quarterback", ",", " West", " Virginia", " could", " stand", " to", " get", " to", " the", " quarterback", " more", " efficiently", ".", "\n", "\n", "10", ".", " Baylor", ":", " Deep", " ball", "\n", "\n", "This", " may", " come", " as", " a", " surprise", " as", " Baylor", "\ufffd", "\ufffd", "s", " passing", " game", " is", " pred", "icated", " on", " screens", ",", " curls", " and", " go", "-", "r", "out", "es", ",", " but", " the", " deep", " ball", " has", " been", " less", " efficient", " than", " it", " was", " a", " year", " ago", " at", " this", " time", ".", " L", "osing", " first", "-", "round", " wide", " receiver", " Corey", " Coleman", " certainly", " hurts", ",", " but", " through", " seven", " weeks", " in", " 2015", ",", " QB", " Seth", " Russell", " ranked", " fifth", " in", " the", " nation", " with", " an", " adjusted", " completion", " percentage", " of", " 51", ".", "1", " percent", " and", " his", " 7", "51", " deep", " passing", " yards", " also", " ranked", " fifth", ".", " Russell", " also", " led", " the", " nation", " with", " 12", " touchdowns", " on", " the", " deep", " ball", ".", " This", " season", " he", " now", " ranks", " 66", "th", " out", " of", " 120", " qualifiers", " with", " an", " adjusted", " completion", " percentage", " of", " 37", ".", "8", " on", " deep", " passes", " and", " his", " 5", "57", " yards", " rank", " 16", "th", " while", " his", " four", " touchdowns", " are", " tied", " for", " 37", "th", ".", " The", " deep", " pass", " is", " such", " a", " major", " staple", " in", " Baylor", "\ufffd", "\ufffd", "s", " offense", ",", " the", " drop", "-", "off", " is", " concerning", " and", " one", " that", " Baylor", " needs", " if", " they", "\ufffd", "\ufffd", "re", " going", " to", " make", " a", " run", " at", " staying", " undefeated", "."]