["To", " get", " rid", " of", " back", " hair", " without", " an", " assistant", " or", " a", " professional", ",", " try", " a", " back", " sh", "aver", ".", " These", " sh", "avers", " (", "which", " come", " in", " standard", " razor", " or", " electric", " varieties", ")", " are", " built", " like", " back", "-", "sc", "rat", "chers", " with", " long", " extend", "able", " arms", " so", " that", " you", " can", " reach", " your", " entire", " back", ".", "\n", "\n", "{\"", "small", "Url", "\":\"", "https", ":\\", "/", "\\/", "www", ".", "wik", "ih", "ow", ".", "com", "\\/", "images", "\\/", "th", "umb", "\\/", "5", "\\/", "55", "\\/", "Get", "-", "R", "id", "-", "of", "-", "Back", "-", "H", "air", "-", "Step", "-", "21", "-", "Version", "-", "2", ".", "jpg", "\\/", "v", "4", "-", "460", "px", "-", "Get", "-", "R", "id", "-", "of", "-", "Back", "-", "H", "air", "-", "Step", "-", "21", "-", "Version", "-", "2", ".", "jpg", "\",\"", "big", "Url", "\":\"", "https", ":\\", "/", "\\/", "www", ".", "wik", "ih", "ow", ".", "com", "\\/", "images", "\\/", "th", "umb", "\\/", "5", "\\/", "55", "\\/", "Get", "-", "R", "id", "-", "of", "-", "Back", "-", "H", "air", "-", "Step", "-", "21", "-", "Version", "-", "2", ".", "jpg", "\\/", "v", "4", "-", "760", "px", "-", "Get", "-", "R", "id", "-", "of", "-", "Back", "-", "H", "air", "-", "Step", "-", "21", "-", "Version", "-", "2", ".", "jpg", "\",\"", "small", "Width", "\":", "460", ",\"", "small", "Height", "\":", "345", ",\"", "big", "Width", "\":", "760", ",\"", "big", "Height", "\":", "570", "}", " 1", " Prep", " your", " back", ".", " Everything", " you", " need", " to", " do", " to", " shave", " with", " a", " back", " sh", "aver", " is", " the", " same", " as", " if", " you", " were", " working", " with", " a", " normal", " razor", " and", " an", " assistant", ".", " In", " other", " words", ":", " Ex", "fol", "iate", " with", " water", " and", " a", " gentle", " abras", "ive", " or", " brush", " to", " reduce", " the", " risk", " of", " ing", "rown", " hairs", ".", "\n", "\n", "Clean", " and", " dry", " your", " back", " if", " you", " are", " using", " an", " electric", " razor", ".", "\n", "\n", "W", "et", " your", " back", " and", " apply", " shaving", " cream", "/", "gel", " if", " you", " are", " using", " a", " standard", " razor", ".", " Everything", " you", " need", " to", " do", " to", " shave", " with", " a", " back", " sh", "aver", " is", " the", " same", " as", " if", " you", " were", " working", " with", " a", " normal", " razor", " and", " an", " assistant", ".", " In", " other", " words", ":", "\n", "\n", "{\"", "small", "Url", "\":\"", "https", ":\\", "/", "\\/", "www", ".", "wik", "ih", "ow", ".", "com", "\\/", "images", "\\/", "th", "umb", "\\/", "c", "\\/", "c", "8", "\\/", "Get", "-", "R", "id", "-", "of", "-", "Back", "-", "H", "air", "-", "Step", "-", "22", "-", "Version", "-", "2", ".", "jpg", "\\/", "v", "4", "-", "460", "px", "-", "Get", "-", "R", "id", "-", "of", "-", "Back", "-", "H", "air", "-", "Step", "-", "22", "-", "Version", "-", "2", ".", "jpg", "\",\"", "big", "Url", "\":\"", "https", ":\\", "/", "\\/", "www", ".", "wik", "ih", "ow", ".", "com", "\\/", "images", "\\/", "th", "umb", "\\/", "c", "\\/", "c", "8", "\\/", "Get", "-", "R", "id", "-", "of", "-", "Back", "-", "H", "air", "-", "Step", "-", "22", "-", "Version", "-", "2", ".", "jpg", "\\/", "v", "4", "-", "760", "px", "-", "Get", "-", "R", "id", "-", "of", "-", "Back", "-", "H", "air", "-", "Step", "-", "22", "-", "Version", "-", "2", ".", "jpg", "\",\"", "small", "Width", "\":", "460", ",\"", "small", "Height", "\":", "345", ",\"", "big", "Width", "\":", "760", ",\"", "big", "Height", "\":", "570", "}", " 2", " Find", " an", " appropriate", " workplace", ".", " While", " a", " back", " sh", "aver", " will", " allow", " you", " to", " reach", " your", " whole", " back", ",", " you", "'ll", " still", " probably", " miss", " spots", " if", " you", " can", "'t", " see", " what", " you", "'re", " doing", ".", " Find", " a", " bathroom", " that", " has", " a", " large", " mirror", ".", " Grab", " a", " smaller", " mirror", " and", " face", " away", " from", " it", ".", "\n", "\n", "{\"", "small", "Url", "\":\"", "https", ":\\", "/", "\\/", "www", ".", "wik", "ih", "ow", ".", "com", "\\/", "images", "\\/", "th", "umb", "\\/", "2", "\\/", "21", "\\/", "Get", "-", "R", "id", "-", "of", "-", "Back", "-", "H", "air", "-", "Step", "-", "23", "-", "Version", "-", "2", ".", "jpg", "\\/", "v", "4", "-", "460", "px", "-", "Get", "-", "R", "id", "-", "of", "-", "Back", "-", "H", "air", "-", "Step", "-", "23", "-", "Version", "-", "2", ".", "jpg", "\",\"", "big", "Url", "\":\"", "https", ":\\", "/", "\\/", "www", ".", "wik", "ih", "ow", ".", "com", "\\/", "images", "\\/", "th", "umb", "\\/", "2", "\\/", "21", "\\/", "Get", "-", "R", "id", "-", "of", "-", "Back", "-", "H", "air", "-", "Step", "-", "23", "-", "Version", "-", "2", ".", "jpg", "\\/", "v", "4", "-", "760", "px", "-", "Get", "-", "R", "id", "-", "of", "-", "Back", "-", "H", "air", "-", "Step", "-", "23", "-", "Version", "-", "2", ".", "jpg", "\",\"", "small", "Width", "\":", "460", ",\"", "small", "Height", "\":", "345", ",\"", "big", "Width", "\":", "760", ",\"", "big", "Height", "\":", "570", "}", " 3", " Use", " the", " smaller", " mirror", " to", " see", " your", " work", ".", " With", " one", " hand", ",", " hold", " the", " sh", "aver", ".", " With", " the", " other", " hand", ",", " angle", " a", " smaller", " mirror", " in", " front", " of", " you", ".", " Adjust", " it", " so", " that", " you", " can", " see", " your", " back", " in", " mirror", " behind", " you", " with", " the", " reflection", " from", " the", " small", " mirror", " in", " your", " hand", ".", "\n", "\n", "{\"", "small", "Url", "\":\"", "https", ":\\", "/", "\\/", "www", ".", "wik", "ih", "ow", ".", "com", "\\/", "images", "\\/", "th", "umb", "\\/", "e", "\\/", "e", "3", "\\/", "Get", "-", "R", "id", "-", "of", "-", "Back", "-", "H", "air", "-", "Step", "-", "24", "-", "Version", "-", "2", ".", "jpg", "\\/", "v", "4", "-", "460", "px", "-", "Get", "-", "R", "id", "-", "of", "-", "Back", "-", "H", "air", "-", "Step", "-", "24", "-", "Version", "-", "2", ".", "jpg", "\",\"", "big", "Url", "\":\"", "https", ":\\", "/", "\\/", "www", ".", "wik", "ih", "ow", ".", "com", "\\/", "images", "\\/", "th", "umb", "\\/", "e", "\\/", "e", "3", "\\/", "Get", "-", "R", "id", "-", "of", "-", "Back", "-", "H", "air", "-", "Step", "-", "24", "-", "Version", "-", "2", ".", "jpg", "\\/", "v", "4", "-", "760", "px", "-", "Get", "-", "R", "id", "-", "of", "-", "Back", "-", "H", "air", "-", "Step", "-", "24", "-", "Version", "-", "2", ".", "jpg", "\",\"", "small", "Width", "\":", "460", ",\"", "small", "Height", "\":", "345", ",\"", "big", "Width", "\":", "760", ",\"", "big", "Height", "\":", "570", "}", " 4", " Sh", "ave", " your", " upper", " back", ".", " Fully", " extend", " the", " arm", " of", " the", " back", " sh", "aver", ".", " Lift", " your", " arm", " up", " over", " your", " head", " with", " your", " elbow", " bent", " and", " position", " the", " sh", "aver", " in", " the", " center", " of", " your", " back", ".", " Use", " gentle", ",", " controlled", " motions", " to", " shave", " the", " hair", " on", " your", " back", " in", " rows", " from", " your", " mid", "-", "back", " up", " to", " your", " shoulders", ".", "\n", "\n", "{\"", "small", "Url", "\":\"", "https", ":\\", "/", "\\/", "www", ".", "wik", "ih", "ow", ".", "com", "\\/", "images", "\\/", "th", "umb", "\\/", "b", "\\/", "bd", "\\/", "Get", "-", "R", "id", "-", "of", "-", "Back", "-", "H", "air", "-", "Step", "-", "25", "-", "Version", "-", "2", ".", "jpg", "\\/", "v", "4", "-", "460", "px", "-", "Get", "-", "R", "id", "-", "of", "-", "Back", "-", "H", "air", "-", "Step", "-", "25", "-", "Version", "-", "2", ".", "jpg", "\",\"", "big", "Url", "\":\"", "https", ":\\", "/", "\\/", "www", ".", "wik", "ih", "ow", ".", "com", "\\/", "images", "\\/", "th", "umb", "\\/", "b", "\\/", "bd", "\\/", "Get", "-", "R", "id", "-", "of", "-", "Back", "-", "H", "air", "-", "Step", "-", "25", "-", "Version", "-", "2", ".", "jpg", "\\/", "v", "4", "-", "760", "px", "-", "Get", "-", "R", "id", "-", "of", "-", "Back", "-", "H", "air", "-", "Step", "-", "25", "-", "Version", "-", "2", ".", "jpg", "\",\"", "small", "Width", "\":", "460", ",\"", "small", "Height", "\":", "345", ",\"", "big", "Width", "\":", "760", ",\"", "big", "Height", "\":", "570", "}", " 5", " Sh", "ave", " your", " lower", " back", ".", " Bend", " the", " sh", "aver", " at", " an", " angle", " (", "if", " your", " sh", "aver", " has", " this", " option", ").", " Angle", " your", " arm", " to", " reach", " your", " lower", " back", " hair", " from", " the", " side", ".", " You", "'ll", " probably", " need", " to", " adjust", " the", " mirror", " so", " you", " can", " see", " what", " you", "'re", " doing", "."]