["Bal", "oney", " Meter", ":", " Did", " Trudeau", " unfairly", " smear", " small", " business", " owners", " as", " tax", " dod", "gers", "?", "\n", "\n", "OT", "TA", "WA", " \u2014", " \ufffd", "\ufffd", "I", " think", " small", " businesses", " should", " be", " paying", " less", " taxes", ",", " we", " just", " have", " to", " make", " sure", " that", " it", "\ufffd", "\ufffd", "s", " done", " right", " \u2026", " We", " have", " to", " know", " that", " a", " large", " percentage", " of", " small", " businesses", " are", " actually", " just", " ways", " for", " wealthier", " Canadians", " to", " save", " on", " their", " taxes", " and", " we", " want", " to", " reward", " the", " people", " who", " are", " actually", " creating", " jobs", ".", "\ufffd", "\ufffd", " Justin", " Trudeau", ",", " in", " an", " interview", " with", " the", " CBC", "\ufffd", "\ufffd", "s", " Peter", " Mans", "bridge", ",", " broadcast", " on", " Sept", ".", " 8", ".", "\n", "\n", "The", " Liberal", " leader", "\ufffd", "\ufffd", "s", " political", " adversaries", " have", " p", "ounced", " on", " that", " comment", ",", " accusing", " Trudeau", " of", " mal", "igning", " the", " businesses", " that", " create", " the", " lion", "\ufffd", "\ufffd", "s", " share", " of", " jobs", ".", "\n", "\n", "N", "DP", " MP", " Malcolm", " Allen", " demanded", " that", " Trudeau", " apologize", " \ufffd", "\ufffd", "for", " sm", "earing", " small", " business", " owners", " as", " tax", " che", "ats", ".", "\ufffd", "\ufffd", "\n", "\n", "\ufffd", "\ufffd", "He", " simply", " doesn", "\ufffd", "\ufffd", "t", " understand", " the", " reality", " facing", " mom", " and", " pop", " shops", " \u2014", " hard", "-", "working", " small", " business", " owners", " who", " create", " the", " vast", " majority", " of", " new", " jobs", ".", "\ufffd", "\ufffd", "\n", "\n", "Def", "ence", " Minister", " Jason", " Ken", "ney", " chim", "ed", " in", " via", " Twitter", ":", " \ufffd", "\ufffd", "Small", " business", " are", " the", " heroes", " of", " our", " economy", ",", " but", " J", " Trudeau", " says", " \ufffd", "\ufffd", "a", " large", " percentage", "\ufffd", "\ufffd", " are", " just", " tax", " dod", "ges", " for", " the", " rich", ".", "\ufffd", "\ufffd", "\n", "\n", "Both", " the", " NDP", " and", " Conservatives", " are", " promising", " to", " reduce", " the", " small", " business", " tax", " rate", " to", " nine", " per", " cent", " from", " 11", " per", " cent", ".", " Trudeau", " has", " made", " the", " same", " commitment", ",", " but", " with", " some", " \ufffd", "\ufffd", "t", "we", "aking", "\ufffd", "\ufffd", " to", " ensure", " it", "\ufffd", "\ufffd", "s", " not", " being", " used", " as", " a", " tax", " dodge", ".", "\n", "\n", "Did", " Trudeau", " unfairly", " mal", "ign", " small", " businesses", " or", " was", " his", " assertion", " correct", "?", "\n", "\n", "Spoiler", " Alert", ":", " The", " Canadian", " Press", " Bal", "oney", " Meter", " is", " a", " disp", "assion", "ate", " examination", " of", " political", " statements", " culminating", " in", " a", " ranking", " of", " accuracy", " on", " a", " scale", " of", " \ufffd", "\ufffd", "no", " bal", "oney", "\ufffd", "\ufffd", " to", " \ufffd", "\ufffd", "full", " of", " bal", "oney", ".", "\ufffd", "\ufffd", "\n", "\n", "This", " one", " earns", " a", " rating", " of", " \ufffd", "\ufffd", "a", " little", " bal", "oney", "\ufffd", "\ufffd", " \u2014", " it", " is", " mostly", " accurate", " but", " more", " information", " is", " required", ".", "\n", "\n", "Here", "\ufffd", "\ufffd", "s", " why", ":", "\n", "\n", "Various", " academic", " and", " think", " tank", " studies", " have", " found", " that", " reductions", " in", " the", " small", " business", " tax", " rate", " disproportionately", " benefit", " wealthy", " individuals", " who", " incorporate", " their", " businesses", " in", " order", " to", " reduce", " their", " personal", " income", " tax", " burden", ",", " split", " income", " with", " family", " \ufffd", "\ufffd", "share", "holders", "\ufffd", "\ufffd", " and", " avoid", " capital", " gains", " taxes", ".", "\n", "\n", "In", " a", " 2011", " paper", " for", " the", " University", " of", " Calgary", "\ufffd", "\ufffd", "s", " School", " of", " Public", " Policy", ",", " economists", " Jack", " Mint", "z", " and", " D", "uan", "j", "ie", " Chen", " concluded", " that", " reducing", " the", " small", " business", " tax", " rate", " actually", " discour", "ages", " the", " growth", " of", " companies", " and", ",", " therefore", ",", " of", " job", " creation", ".", "\n", "\n", "Among", " other", " problems", ",", " they", " wrote", ":", " \ufffd", "\ufffd", "Many", " small", " businesses", " are", " created", " to", " enable", " individuals", " to", " reduce", " personal", " tax", " rather", " than", " grow", " companies", " \u2026", " With", " corporate", " organization", ",", " it", " is", " easier", " to", " split", " income", " among", " family", " members", " holding", " shares", " of", " a", " corporation", ".", "\ufffd", "\ufffd", "\n", "\n", "The", " duo", " also", " argued", " that", " preferential", " tax", " treatment", " for", " small", " businesses", " creates", " a", " negative", " \ufffd", "\ufffd", "th", "reshold", " effect", ",", "\ufffd", "\ufffd", " wherein", " a", " small", " company", " \ufffd", "\ufffd", "may", " stop", " growing", " simply", " to", " preserve", " the", " tax", " savings", " associated", " with", " the", " definition", " of", " small", "ness", ".", "\ufffd", "\ufffd", " And", " it", " could", " result", " in", " larger", " companies", " breaking", " up", " into", " smaller", " units", " in", " order", " to", " save", " on", " taxes", ".", "\n", "\n", "Another", " study", ",", " co", "-", "authored", " in", " 2014", " by", " Michael", " Wolf", "son", ",", " Canada", "\ufffd", "\ufffd", "s", " former", " assistant", " chief", " statistic", "ian", ",", " found", " that", " the", " wealthiest", " Canadians", " disproportionately", " take", " advantage", " of", " the", " preferential", " small", " business", " tax", " rate", ".", "\n", "\n", "From", " 2001", " to", " 2011", ",", " that", " study", " found", " that", " fewer", " than", " five", " per", " cent", " of", " Canadian", " taxpayers", " in", " the", " bottom", " half", " of", " the", " income", " scale", " owned", " at", " least", " 10", " per", " cent", " of", " the", " shares", " in", " at", " least", " one", " Canadian", "-", "controlled", " private", " corporation", " (", "CC", "PC", ").", " By", " contrast", ",", " as", " much", " as", " 80", " per", " cent", " of", " taxpayers", " in", " the", " top", " 0", ".", "01", " per", " cent", " of", " income", " earners", " were", " CC", "PC", " owners", ".", "\n", "\n", "In", " another", " study", " soon", " to", " be", " published", " in", " the", " Canadian", " Tax", " Journal", ",", " Wolf", "son", " and", " economist", " Scott", " Leg", "ree", " linked", " personal", " income", " tax", " returns", " to", " corporate", " returns", ".", " They", " found", " the", " federal", " treasury", " lost", " at", " least", " half", " a", " billion", " dollars", " in", " tax", " revenue", " that", " would", " have", " been", " paid", " had", " individuals", " not", " been", " able", " to", " funnel", " their", " personal", " income", " through", " corporations", ".", "\n", "\n", "And", " that", "\ufffd", "\ufffd", "s", " a", " conservative", " estimate", " because", " the", " study", " did", " not", " include", " families", " who", " fun", "nell", "ed", " income", " through", " corporations", " to", " children", " no", " longer", " living", " under", " the", " same", " roof", ".", "\n", "\n", "\ufffd", "\ufffd", "The", " popular", " rhetoric", " is", " that", " the", " special", " low", " small", " business", " tax", " rate", " that", " is", " available", " to", " CC", "PC", "s", " is", " designed", " to", " support", " small", " businesses", ",", " in", " part", " because", " they", " face", " greater", " challenges", " than", " large", " businesses", " in", " areas", " such", " as", " financing", " and", " because", " they", " are", " believed", " to", " be", " major", " sources", " of", " job", " creation", " and", " entrepreneurship", ",", "\ufffd", "\ufffd", " concludes", " the", " study", ".", "\n", "\n", "\ufffd", "\ufffd", "However", ",", " our", " analysis", " suggests", " that", " roughly", " half", " a", " billion", " dollars", " annually", " is", " fore", "gone", " in", " ways", " related", " primarily", " to", " income", " splitting", ",", " where", " no", " such", " benefits", " are", " generated", ".", "\ufffd", "\ufffd", "\n", "\n", "THE", " EX", "PER", "TS", ":", "\n", "\n", "Based", " on", " his", " research", ",", " Mint", "z", " told", " the", " Huffington", " Post", " earlier", " this", " year", " that", " \ufffd", "\ufffd", "60", " per", " cent", " of", " the", " small", " business", " deduction", " goes", " to", " households", " with", " more", " than", " $", "150", ",", "000", " in", " income", ".", " That", "\ufffd", "\ufffd", "s", " because", " you", " tend", " to", " have", " a", " relatively", " high", " number", " of", " high", "-", "income", " households", " who", " own", " small", " businesses", ".", "\ufffd", "\ufffd", "\n", "\n", "However", ",", " Wolf", "son", " said", " about", " 70", " per", " cent", " of", " what", " the", " tax", " act", " defines", " as", " small", " businesses", " are", " owned", " by", " the", " bottom", " 90", "%", " of", " income", " earners", ".", "\n", "\n", "Still", ",", " he", " added", ":", " \ufffd", "\ufffd", "A", " highly", " disproportionate", " number", " is", " owned", " by", " the", " top", " 1", "%", " and", " the", " top", " 0", ".", "01", "%.", " So", " like", " most", " things", ",", " a", " bit", " of", " nuance", " is", " required", ".", "\ufffd", "\ufffd", "\n", "\n", "Tr", "udeau", "\ufffd", "\ufffd", "s", " concern", " about", " an", " unt", "arget", "ed", " reduction", " in", " the", " small", " business", " tax", " rate", " being", " used", " by", " wealthy", " Canadians", " to", " save", " on", " their", " tax", " bills", " is", " warranted", ",", " in", " Wolf", "son", "\ufffd", "\ufffd", "s", " view", ",", " but", " one", " could", " qu", "ibble", " about", " his", " assertion", " that", " a", " \ufffd", "\ufffd", "large", " percentage", "\ufffd", "\ufffd", " of", " small", " businesses", " are", " doing", " so", ".", "\n", "\n", "\ufffd", "\ufffd", "If", " you", "\ufffd", "\ufffd", "re", " saying", " it", "\ufffd", "\ufffd", "s", " bigger", " than", " 50", " per", " cent", ",", " I", " don", "\ufffd", "\ufffd", "t", " think", " so", "\ufffd", "\ufffd", " Wolf", "son", " said", ".", " \ufffd", "\ufffd", "If", " you", "\ufffd", "\ufffd", "re", " saying", " is", " this", " something", " that", " really", " should", " be", " zero", " and", " even", " one", " or", " two", " per", " cent", " would", " be", " offensive", " \u2014", " and", " in", " fact", " it", "\ufffd", "\ufffd", "s", " five", " or", " 10", " per", " cent", " \u2014", " then", " that", " five", " or", " 10", " could", " be", " a", " large", " number", ".", " So", " it", " depends", " on", " your", " frame", " of", " reference", ".", "\ufffd", "\ufffd", "\n", "\n", "THE", " VER", "D", "ICT", "\n", "\n", "Tr", "udeau", "\ufffd", "\ufffd", "s", " concern", " about", " the", " wealthy", " using", " the", " preferential", " small", " business", " tax", " rate", " to", " avoid", " paying", " personal", " income", " tax", " is", " warranted", ".", " However", ",", " saying", " \ufffd", "\ufffd", "a", " large", " percentage", "\ufffd", "\ufffd", " do", " so", " is", " open", " to", " debate", ".", " He", " would", " have", " been", " on", " safer", " ground", " had", " he", " been", " either", " more", " precise", " or", " more", " vague", " \u2014", " the", " studies", " would", " have", " supported", " saying", " \ufffd", "\ufffd", "many", "\ufffd", "\ufffd", " or", " \ufffd", "\ufffd", "too", " many", "\ufffd", "\ufffd", " small", " businesses", " are", " tax", " scams", ".", "\n", "\n", "For", " these", " reasons", ",", " Trudeau", "\ufffd", "\ufffd", "s", " assertion", " earns", " a", " rating", " of", " \ufffd", "\ufffd", "a", " little", " bal", "oney", ".", "\ufffd", "\ufffd", "\n", "\n", "Jo", "an", " Bry", "den", ",", " The", " Canadian", " Press"]